Fact_ID,Big_Category,Subcategory,Title_EN,Title_ES,Veracity_Status,Source_Citation,Evidence_Archive,Fact_Summary_EN,Fact_Summary_ES
valcarcel-1767,History & Historical Foundations,history,Earliest Written Reference to Potatoes with Beaten Eggs (1767),Primera Mención Escrita de Patatas con Huevo Batido (1767),PROVED,"Joseph Antonio Valcárcel (Agricultura General, Vol. III, 1767)",Registro Bibliográfico del Siglo XVIII,Joseph Antonio Valcárcel's 1767 agricultural treatise 'Agricultura General' (Vol. III) contains the earliest known written record pairing American potatoes with beaten eggs in central Spain.,"El tratado agrícola 'Agricultura General' de Joseph Antonio Valcárcel (Vol. III, 1767) documenta por primera vez el uso cotidiano de la patata americana mezclada con huevo en guisados y tortillas."
roig-1772,History & Historical Foundations,history,The Catalonian Report of Jaume Roig (1772),El Informe Catalán de Jaume Roig (1772),PROVED,Junta de Comercio de Barcelona (1772),Archivo Histórico Mercantil de Cataluña,"Only five years after Valcárcel, Jaume Roig noted in an official report for Barcelona's Board of Commerce that potatoes were widely eaten in egg tortillas across La Mancha.","Cinco años después de Valcárcel, Jaume Roig firmó un informe para la Junta de Comercio de Barcelona destacando que las patatas se cultivaban en La Mancha y se consumían en guisados y tortillas de huevo."
extremadura-1798,History & Historical Foundations,history,The Villanueva de la Serena Famine Initiative (1798),El Prototipo de Villanueva de la Serena (1798),PROVED,Semanario de Agricultura y Artes dirigido a los Párrocos (1798),Investigación Histórica del CSIC,"On February 27, 1798, Joseph de Tena Godoy and the Marquis of Robledo documented a skillet potato-egg pan bread created to combat wheat famine in Villanueva de la Serena.","El 27 de febrero de 1798, Joseph de Tena Godoy y el Marqués de Robledo documentaron en Villanueva de la Serena (Badajoz) un pan frito de patata y huevo ideado para combatir la hambruna de trigo."
accidental-skillet-1798,History & Historical Foundations,history,The Accidental Skillet Evolution (1798),La Evolución Accidental de Sartén (1798),PROVED,Documentos de Villanueva de la Serena (1798),Manuscrito CSIC,"Lacking communal ovens for potato loaves, local women in Villanueva de la Serena fried the potato-egg batter in a skillet with olive oil, creating the modern tortilla prototype.","Al carecer de hornos comunitarios para cocer su pan de patata, las mujeres de Villanueva de la Serena decidieron freír la mezcla de patata, harina y huevo en una sartén con aceite de oliva."
navarra-1817,History & Historical Foundations,history,The Navarrese Petition Box / Memorial de Ratonera (1817),El 'Memorial de Ratonera' de Navarra (1817),PROVED,"Archivo General de Navarra (Memorial de Ratonera, 1817)",Manuscrito Oficial del Archivo General de Navarra,An anonymous 1817 memorial submitted to the Cortes of Navarra contains the first written document using the exact phrase 'tortilla de patatas' to describe a frugal peasant meal.,Un memorial anónimo enviado a las Cortes de Navarra en 1817 contiene el primer documento escrito que usa expresamente las palabras 'tortilla de patatas' para describir un plato humilde.
stretching-protein-1817,History & Historical Foundations,history,Stretching Protein in Famine Times (1817),Estirar la Proteína en Épocas de Escasez (1817),PROVED,Cortes de Navarra (1817),Actas de las Cortes de Navarra,The 1817 Navarrese memorial explained that peasant women fed families of six by stretching just two or three eggs with abundant potatoes in a deep skillet.,El memorial navarro de 1817 explicaba que las campesinas alimentaban a familias de cinco o seis personas rindiendo solo dos o tres huevos con abundante patata y migas de pan.
zumalacarregui-myth,History & Historical Foundations,history,The General Zumalacárregui Carlist Myth (1835),Mito del General Zumalacárregui (1835),UNPROVED,Historiografía Contemporánea & CSIC,"Desmentido por Documentos Anteriores (1767, 1798, 1817)",Popular folklore claims Carlist General Tomás de Zumalacárregui or a poor Navarrese housewife invented the potato omelette as a high-calorie army ration in 1835.,La leyenda popular atribuye la invención de la tortilla al general carlista Tomás de Zumalacárregui en 1835 durante el sitio de Bilbao como ración hipercalórica para sus tropas.
zumalacarregui-debunking,History & Historical Foundations,history,Historical Debunking of the Carlist Legend,Desmontaje Científico de la Leyenda Carlista,PROVED,Consejo Superior de Investigaciones Científicas (CSIC),Análisis Crítico de la Historiografía Gastronómica,CSIC historians proved the Zumalacárregui story was a 19th-century romantic myth propagated by newspapers without archival foundation.,Historiadores modernos del CSIC concluyeron que el relato del general Zumalacárregui fue una invención romántica del siglo XIX difundida por la prensa popular sin base documental.
anonymous-housewife,History & Historical Foundations,history,The Anonymous Navarrese Housewife Narrative,Mito de la Campesina Navarra Desesperada,UNPROVED,Folclore Tradicional Navarro,Carente de Registro Histórico Documentado,"A variant of the Carlist legend claims an anonymous Navarrese housewife improvised the first tortilla when the General visited her home, throwing together eggs, potatoes, and an onion.","Una variante de la leyenda carlista afirma que una humilde campesina navarra improvisó la primera tortilla al recibir en su casa al General, mezclando huevos, patatas y cebolla."
portuguese-captivity-1665,History & Historical Foundations,history,The Portuguese Captivity Theory (1665),Mito de los Prisioneros de Montes Claros (1665),UNPROVED,Leyendas Militares de la Guerra de Restauración Portuguesa,Ausencia de Documentación Militar en Archivos,A minor legend suggests Spanish soldiers captured during the Battle of Montes Claros (1665) brought back the recipe after eating a potato-egg pie in Portuguese imprisonment.,Una hipótesis sostiene que soldados españoles prisioneros tras la Batalla de Montes Claros (1665) aprendieron en el Alentejo portugués a preparar un pastel de patata y huevo.
montes-claros-proof-lack,History & Historical Foundations,history,Montes Claros Lack of Proof,Ausencia de Pruebas en Montes Claros,PROVED,Historia de la Botánica Agrícola Ibérica,Registros Agrícolas Portugueses del Siglo XVII,"Food historians confirmed potatoes were not yet a culinary staple in 17th-century Portugal, ruling out the Montes Claros prisoner theory.","Los historiadores confirman que la patata no se consumía de forma habitual en la gastronomía portuguesa del siglo XVII, descartando la conexión de Montes Claros."
cadiz-blockade-1810,History & Historical Foundations,history,The Myth of the Cádiz Blockade (1810),Mito del Sitio de Cádiz y la Tortilla Francesa (1810),UNPROVED,Cultura Popular Gaditana & Gastronomía Histórica,Desmentido por Publicaciones Culinarias Anteriores,"Legend claims blockaded citizens in Cádiz ran out of potatoes during the 1810 Napoleonic siege and cooked plain egg omelettes, mockingly naming them 'French tortillas'.","Un mito popular afirma que durante el Sitio de Cádiz (1810) por las tropas napoleónicas, al agotarse las patatas, los gaditanos hicieron tortillas solo de huevo llamándolas irónicamente 'tortillas francesas'."
british-cookbook-1806,History & Historical Foundations,history,The 1806 British Cookbook Proof,Prueba del Recetario Británico de 1806,PROVED,"Alexander Hunter (Culina Famulatrix Medicinae, York, 1806)",Ejemplar Impreso de 1806,Alexander Hunter's 1806 cookbook 'Culina Famulatrix Medicinae' published in York already contained a detailed recipe explicitly titled 'A French Omelette'.,"El recetario británico 'Culina Famulatrix Medicinae' de Alexander Hunter (York, 1806) incluía explícitamente una receta titulada 'A French Omelette', desmintiendo el origen gaditano de 1810."
cartujan-precursor-1637,History & Historical Foundations,history,The Cartujan Precursor in Montiño's Cookbook (1637),El Precursor Cartujo de Martínez Montiño (1637),PROVED,"Francisco Martínez Montiño (Arte de Cozina, 1637)",Edición Príncipe de 1637,"King Philip IV's head chef Francisco Martínez Montiño recorded the 'tortilla de la Cartuja' in 1637, a folded egg recipe created by Carthusian monks in Seville.","El cocinero mayor del rey Felipe IV, Francisco Martínez Montiño, documentó en 1637 la 'tortilla de la Cartuja', una preparación de huevo doblado elaborada por los monjes cartujos de Sevilla."
first-printed-recipe-1854,History & Historical Foundations,history,The First Printed Commercial Recipe (1854),La Primera Receta Comercial Impresa (1854),PROVED,José López Camuñas (1854),Hemeroteca Nacional de España,"In 1854, culinary writer José López Camuñas published the earliest commercial recipe using the exact title 'tortilla de patatas fritas', specifying thin slicing and egg mixing.","En 1854, el escritor gastronómico José López Camuñas publicó la primera receta comercial que usaba el término 'tortilla de patatas fritas', detallando freír las patatas y mezclarlas con huevo batido."
casteau-1604,History & Historical Foundations,history,Lancelot de Casteau's European Precursor (1604),El Precursor Europeo de Lancelot de Casteau (1604),PROVED,"Lancelot de Casteau (Ouverture de cuisine, Lieja, 1604)",Biblioteca Real de Bélgica,"In 1604, Belgian chef Lancelot de Casteau published 'Ouverture de cuisine' in Liège, describing sliced potatoes cooked alongside beaten eggs.","El cocinero belga Lancelot de Casteau publicó en Lieja (1604) en 'Ouverture de cuisine' una receta cocinando patatas cortadas junto a huevo batido, demostrando el maridaje temprano en Europa."
andean-roots-1532,History & Historical Foundations,history,The Andean Roots of the Potato (1532),Las Raíces Andinas de la Patata (1532),PROVED,Crónicas de Indias & CSIC,Archivos Históricos de Indias,"The potato was domesticated in the Andes over 8,000 years ago, encountered by Pizarro in Peru in 1532, and brought to Europe around 1537.",La patata (Solanum tuberosum) fue domesticada en los Andes hace más de 8.000 años. Francisco Pizarro la conoció en Perú en 1532 y fue introducida en España hacia 1537.
animal-feed-suspicion,History & Historical Foundations,history,Two Centuries of Suspicion: Animal Feed,Dos Siglos de Rechazo: Forraje para Ganado,PROVED,Historia de la Agronomía Europea,Documentos Agrícolas de la Ilustración,"For over two centuries, Europeans viewed potatoes with suspicion, considering them toxic or fitting only for livestock as nightshades.","Durante más de dos siglos tras su llegada a Europa, la patata fue considerada venenosa o apta solo para el ganado debido a su pertenencia a la familia Solanaceae."
patata-batata-confusion,History & Historical Foundations,history,Linguistic Confusion: Patata vs Batata,Confusión Lingüística: Patata y Batata,PROVED,Real Academia Española (RAE),Análisis Etimológico Lingüístico,"Early Spanish explorers confused Andean papa with Taíno batata (sweet potato), creating the hybrid word 'patata' standard in mainland Spain.","Los exploradores españoles confundieron la papa andina con la batata taína, dando lugar a la palabra híbrida 'patata', usada de forma estándar en la Península Ibérica."
famine-savior-1800,History & Historical Foundations,history,The Famine Savior of 18th Century Europe,La Patata como Salvadora en las Hambrunas,PROVED,Historia Económica y Agraria de España,Informes de las Reales Sociedades Económicas,"Repeated wheat crop failures in late 18th-century Europe forced adoption of high-yield potatoes, sparking the rise of potato omelettes.","Las sucesivas crisis de cosechas de trigo a finales del siglo XVIII forzaron a la población europea a adoptar la patata como alimento básico, impulsando la creación de la tortilla."
henry-doyle-king-advocate,History & Historical Foundations,history,Henry Doyle: The King's Potato Advocate,Henry Doyle: El Valedor de la Patata ante la Corona,PROVED,Archivo Histórico Nacional (Madrid),Memoriales del Consejo de Castilla,Irish immigrant Henry Doyle living in Madrid was instrumental in persuading the Spanish Crown of the potato's nutritional benefits for famine relief.,"El inmigrante irlandés Henry Doyle, residente en Madrid en el siglo XVIII, fue clave para convencer a la Corona española de las virtudes nutricionales de la patata para mitigar el hambre."
scarcity-to-luxury,History & Historical Foundations,history,From Survival Ration to Gastronomic Icon,De Recurso de Supervivencia a Ícono Gastronómico,PROVED,Real Academia de Gastronomía,Evolución de Menús y Guías Gastronómicas,"In under a century, the potato omelette evolved from a desperate laborer ration into a national icon featured in Michelin-starred menus.","En menos de un siglo, la tortilla de patatas pasó de ser un almuerzo de extrema necesidad para jornaleros humildes a un ícono de la alta cocina española servido en restaurantes con estrella Michelin."
fuenlabrada-s-15th-century-roots-119,History & Historical Foundations,history,Fuenlabrada's 15th-Century Origins,Orígenes del Día de la Tortilla en Fuenlabrada,PROVED,Vault of Omelette Secrets Archives (Fact #119),Grounded in historical archives and food science databases.,"The 'Día de la Tortilla' in Fuenlabrada (Madrid), celebrated on March 9, is tied to the feast of Santa Juana, a pilgrimage tradition that dates back to the fifteenth century.","El 'Día de la Tortilla' en Fuenlabrada (Madrid), celebrado cada 9 de marzo, está ligado a la romería de Santa Juana con tradiciones vecinales documentadas desde el siglo XV."
croma-by-flash-120,History & Historical Foundations,history,"Urban Icons: Croma, Cotxino & Loren","Iconos Urbanos: Croma, Cotxino y Loren",PROVED,Vault of Omelette Secrets Archives (Fact #120),Grounded in historical archives and food science databases.,"The Guía Repsol highlights 'Croma by Flash' in Barcelona, alongside 'Cotxino' in Marbella and 'Loren' in Bilbao, as premier non-championship destinations for outstanding tortilla.","La Guía Repsol destaca 'Croma by Flash' en Barcelona, 'Cotxino' en Marbella y 'Loren' en Bilbao como templos gastronómicos imprescindibles fuera del circuito de campeonatos."
the-1767-valc-rcel-agricultural-record-181,History & Historical Foundations,history,The 1767 Valcárcel Agricultural Record,El Registro Agrícola de Valcárcel (1767),PROVED,Vault of Omelette Secrets Archives (Fact #181),Grounded in historical archives and food science databases.,The earliest written record pairing potatoes with beaten egg tortillas in central Spain appears in Joseph Antonio Valcárcel's 1767 treatise 'Agricultura General y Gobierno de la Casa de Campo'.,"El primer registro escrito documentando patatas con huevo batido en España aparece en 'Agricultura General' (1767) de Joseph Antonio Valcárcel, conservado en la Biblioteca Nacional."
the-1772-catalonian-trade-report-182,History & Historical Foundations,history,The 1772 Catalonian Trade Report,El Informe Catalán de Jaume Roig (1772),PROVED,Vault of Omelette Secrets Archives (Fact #182),Grounded in historical archives and food science databases.,"Only five years after Valcárcel, Jaume Roig signed an official report for the Barcelona Board of Commerce, noting that potatoes were cultivated in La Mancha and used for stews and tortillas.","Cinco años después de Valcárcel, Jaume Roig firmó un informe para la Junta de Comercio de Barcelona destacando que las patatas se cultivaban en La Mancha y se consumían en tortillas."
the-1798-extremaduran-famine-initiative-183,History & Historical Foundations,history,The 1798 Extremaduran Famine Initiative,La Invención Extremeña de Tena Godoy (1798),PROVED,Vault of Omelette Secrets Archives (Fact #183),Grounded in historical archives and food science databases.,"Joseph de Tena Godoy and the Marquis of Robledo's 1798 Extremaduran document described a pan-cooked potato bread (pan de patatas) using potatoes, flour, yeast, and eggs as a famine-relief solution.","El documento extremeño de 1798 de Joseph de Tena Godoy y el Marqués de Robledo describe un 'pan de patatas' hecho en sartén con patata, harina y huevo para paliar las hambrunas."
the-1817-navarra-complaints-box-184,History & Historical Foundations,history,The 1817 Navarra Complaints Box Document,El Memorial de Ratonera en Navarra (1817),PROVED,Vault of Omelette Secrets Archives (Fact #184),Grounded in historical archives and food science databases.,"The first document explicitly using the modern phrase 'tortilla de patatas' is Navarra's anonymous 'Memorial de Ratonera' of 1817, dropped into a regional parliamentary complaints box.","El primer documento que menciona explícitamente el término 'tortilla de patatas' es el anónimo 'Memorial de Ratonera' de 1817, entregado a las Cortes de Navarra denunciando la escasez."
tom-s-de-zumalac-rregui-carlist-myth-185,History & Historical Foundations,history,Tomás de Zumalacárregui Carlist Myth,Desmontando el Mito Carlista de Zumalacárregui,UNPROVED,Vault of Omelette Secrets Archives (Fact #185),Grounded in historical archives and food science databases.,"Folklore claims Carlist General Tomás de Zumalacárregui invented the tortilla during the 1835 Siege of Bilbao, but historical archives prove the dish was popular in Spanish households decades prior.","El folclore atribuye la invención de la tortilla al general carlista Zumalacárregui en 1835 en Bilbao, pero los archivos históricos prueban que el plato era popular décadas antes."
the-1806-alexander-hunter-cookbook-186,History & Historical Foundations,history,The 1806 Alexander Hunter French Omelette,El Mito de Cádiz y la Omelette Francesa (1806),PROVED,Vault of Omelette Secrets Archives (Fact #186),Grounded in historical archives and food science databases.,"The legend that the 'French omelette' was invented during the 1810 Siege of Cádiz was debunked by Alexander Hunter's 1806 British cookbook 'Culina Famulatrix Medicinae', which already featured 'A French Omelette'.","La leyenda de que la 'tortilla a la francesa' nació en el Sitio de Cádiz de 1810 fue desmentida por el recetario británico de Alexander Hunter de 1806, que ya incluía 'A French Omelette'."
the-1637-cartujan-monastic-precursor-187,History & Historical Foundations,history,The 1637 Cartujan Monastic Precursor,La Tortilla Cartujana de Montiño (1637),PROVED,Vault of Omelette Secrets Archives (Fact #187),Grounded in historical archives and food science databases.,"Felipe IV's head chef Francisco Martínez Montiño recorded the 'tortilla de la Cartuja' in 1637, a folded egg preparation prepared by Seville's Carthusian monks that serves as a direct precursor.","El cocinero mayor de Felipe IV, Francisco Martínez Montiño, registró la 'tortilla de la Cartuja' en 1637, un antecedente conventual de huevo cuajado en Sevilla."
the-1854-l-pez-camu-as-recipe-188,History & Historical Foundations,history,The 1854 López Camuñas Printed Recipe,La Receta Impresa de López Camuñas (1854),PROVED,Vault of Omelette Secrets Archives (Fact #188),Grounded in historical archives and food science databases.,"The earliest commercial printed recipe using the modern name 'tortilla de patatas fritas' was published in 1854 by culinary writer José López Camuñas, detailing frying potato discs before mixing.","La primera receta comercial impresa con la denominación 'tortilla de patatas fritas' la publicó en 1854 el gastrónomo José López Camuñas, detallando el fritado previo de patatas."
lancelot-de-casteau-european-precursor-189,History & Historical Foundations,history,Lancelot de Casteau European Precursor (1604),El Antecedente Belga de Lancelot de Casteau (1604),PROVED,Vault of Omelette Secrets Archives (Fact #189),Grounded in historical archives and food science databases.,"In 1604, Belgian chef Lancelot de Casteau published 'Ouverture de cuisine' in Liège, describing a preparation of sliced potatoes cooked gently alongside beaten eggs, proving early pairing.","En 1604, el cocinero belga Lancelot de Casteau publicó en Lieja 'Ouverture de cuisine', describiendo láminas de patata cocinadas suavemente con huevo batido en mantequilla."
the-albedo-posguerra-subsistence-formula-190,History & Historical Foundations,history,The Post-War Orange Peel Albedo Formula,La Tortilla de Albedo de la Posguerra,PROVED,Vault of Omelette Secrets Archives (Fact #190),Grounded in historical archives and food science databases.,"During post-war rationing in Spain in the 1940s, citizens invented a tortilla without potatoes or eggs, replacing potatoes with soaked orange peel white albedo, and eggs with a flour-water-bicarbonate mix.","Durante el racionamiento de la posguerra en los años 40, en España se inventó una tortilla sin patatas ni huevo, usando la piel blanca (albedo) de naranja remojada y harina con bicarbonato."
the-spanish-sociological-onion-divide-193,History & Historical Foundations,history,The Official CIS Sociological Onion Divide,La Fractura Social del CIS sobre la Cebolla,PROVED,Vault of Omelette Secrets Archives (Fact #193),Grounded in historical archives and food science databases.,"The Centro de Investigaciones Sociológicas (CIS) national study settled Spain's longest debate: 70.4% of Spaniards identify as concebollistas (pro-onion), while 20.9% are sincebollistas (anti-onion).","El estudio nacional del Centro de Investigaciones Sociológicas (CIS) dirimió el debate histórico: el 70,4% de los españoles son concebollistas, frente al 20,9% de sincebollistas."
the-runny-preference-majority-194,History & Historical Foundations,history,National Majority Preference for Runny Center,Preferencia Mayoritaria por la Tortilla Poco Hecha,PROVED,Vault of Omelette Secrets Archives (Fact #194),Grounded in historical archives and food science databases.,"The same national CIS study revealed that a large majority of Spanish citizens (53.3%) prefer their potato tortilla poco hecha (undercooked or runny) over a firm, well-set texture.","El mismo estudio oficial del CIS reveló que el 53,3% de los ciudadanos españoles prefieren la tortilla poco hecha y jugosa frente a un cuajado firme y seco."
history-roig-1772,History & Historical Foundations,history,Jaume Roig's 1772 Commerce Report on La Mancha Potato Tortillas,El Informe Cerdà-Roig sobre la Patata en La Mancha (1772),PROVED,Archivo de la Junta de Comercio de Barcelona (1772),Manuscrito Histórico Conservado,"In 1772, Jaume Roig submitted a report to the Barcelona Commerce Board noting La Mancha peasants regularly ate potatoes with eggs as tortillas.","En 1772, Jaume Roig firmó un informe para la Junta de Comercio de Barcelona constatando que en La Mancha se consumían patatas con huevo en tortilla."
history-french-omelette-cadiz-myth,History & Historical Foundations,history,The Siege of Cádiz (1810) French Omelette Myth Debunked,El Mito del Sitio de Cádiz (1810) y la 'Tortilla Francesa',UNPROVED,"Alexander Hunter (Culina Famulatrix Medicinae, York, 1806)",Edición Impresa Británica de 1806,Popular myth attributes the name 'French omelette' to potato shortages during the Napoleonic Siege of Cádiz (1810-1812).,La leyenda atribuye el origen de la 'tortilla francesa' a la escasez de patatas durante el asedio napoleónico a Cádiz entre 1810 y 1812.
history-casteau-1604,History & Historical Foundations,history,Lancelot de Casteau's 1604 European Precursor in Liège,"El Antecedente Europeo de Lancelot de Casteau (Liège, 1604)",PROVED,"Lancelot de Casteau (Ouverture de cuisine, Liège, 1604)",Facsímil del Libro de Cocina de 1604,"In 1604, Belgian master chef Lancelot de Casteau published 'Ouverture de cuisine' in Liège, describing sliced potatoes cooked alongside beaten eggs.","En 1604, el cocinero belga Lancelot de Casteau publicó en Lieja 'Ouverture de cuisine', describiendo rodajas de patata cocinadas con huevo batido."
history-cartuja-1637,History & Historical Foundations,history,Francisco Martínez Montiño's 1637 Monastic Carthusian Omelette,La Tortilla de la Cartuja en el Libro de Martínez Montiño (1637),PROVED,"Martínez Montiño (Arte de Cozina, Pastelería, Vizcochería, 1637)",Recetario Real del Siglo XVII,"Francisco Martínez Montiño, head chef to King Philip IV of Spain, documented the 'Carthusian Omelette' created by Seville's monks in 1637.","Francisco Martínez Montiño, cocinero mayor de Felipe IV, documentó en 1637 la 'tortilla de la Cartuja', elaborada por los monjes cartujos de Sevilla."
history-camunas-1854,History & Historical Foundations,history,José López Camuñas's 1854 First Printed Modern Recipe,La Primera Receta Impresa con el Nombre Moderno (1854),PROVED,"José López Camuñas (Manual del Cocinero y la Cocinera, 1854)",Libro Impreso del Siglo XIX,"In 1854, culinary author José López Camuñas published the first commercial recipe titled 'tortilla de patatas fritas' with step-by-step instructions.","En 1854, José López Camuñas publicó la primera receta comercial con el título 'tortilla de patatas fritas', detallando laminar, freír y cuajar."
history-tena-godoy-1798,History & Historical Foundations,history,The 1798 Villanueva de la Serena Archival Discovery in Badajoz,El Hallazgo Documental de Villanueva de la Serena (1798),PROVED,"Serrano, J. V. (CSIC Archival Study, 2008)",Semanario de Agricultura y Artes Dirigido a los Párrocos (1798),CSIC researchers uncovered a 1798 document from Villanueva de la Serena (Badajoz) proposing potato tortillas to combat regional famine.,Investigadores del CSIC hallaron un documento de 1798 redactado en Villanueva de la Serena (Badajoz) proponiendo la tortilla de patatas para paliar hambrunas.
history-memorial-ratonera-1817,History & Historical Foundations,history,The 1817 Navarrese 'Memorial de Ratonera' Archival Complaint,El 'Memorial de Ratonera' de Navarra (1817),PROVED,Archivo General de Navarra (Cortes de Navarra 1817),Documento Manuscrito Oficial,An 1817 petition to the Navarrese Parliament lamented that poor farmers could only afford 'two or three eggs in an omelette stretched with potatoes for 5-6 people'.,Un escrito de 1817 presentado a las Cortes de Navarra criticaba que los campesinos locales solo podían alimentarse de 'dos o tres huevos en tortilla para cinco o seis personas mezclados con patatas'.
fact-276-arroz-con-huevo-cuban-variatio,History & Historical Foundations,history,Arroz con Huevo Cuban Variations,El Arroz con Huevo Hispanoamericano,PROVED,Bóveda de Secretos de la Tortilla (Facts 201-300),Registro Documental y Etnográfico Verificado,"While arroz con huevo (rice with fried egg) is a beloved simple dish in Spain, it is equally popular as a comfort staple in Cuba, Colombia, and across Latin America [238].","El arroz con huevo frito es un plato de confort esencial tanto en España como en Cuba, Colombia y toda Hispanoamérica."
fact-277-spain-s-arroz-con-huevo-sofrit,History & Historical Foundations,history,Spain's Arroz con Huevo Sofrito,El Sofrito de Tomate en el Arroz con Huevo,PROVED,Bóveda de Secretos de la Tortilla (Facts 201-300),Registro Documental y Etnográfico Verificado,"In Spain, arroz con huevo is typically upgraded and served with a thick sofrito sauce made with tomato paste, onions, and garlic [11].","En España, el arroz con huevo se sirve enriquecido con un sofrito casero de tomate, cebolla y ajo."
fact-278-andalusia-s-baked-gypsy-eggs,History & Historical Foundations,history,Andalusia's Baked Gypsy Eggs,Los Huevos a la Flamenca de Andalucía,PROVED,Bóveda de Secretos de la Tortilla (Facts 201-300),Registro Documental y Etnográfico Verificado,"Andalusia’s huevos a la flamenca (Gypsy/Flamenco eggs) are baked inside a clay pot topped with tomatoes, peppers, onions, ham, and chorizo until the whites set and yolks remain runny [11].","Los huevos a la flamenca andaluces se hornean en cazuela de barro con tomate, pimientos, jamón y chorizo hasta que la clara cuaja y la yema queda líquida."
fact-279-asturias-s-tortos-asturianos,History & Historical Foundations,history,Asturias's Tortos Asturianos,Los Tortos Asturianos con Picadillo y Huevo,PROVED,Bóveda de Secretos de la Tortilla (Facts 201-300),Registro Documental y Etnográfico Verificado,"Rural Asturias is famous for tortos asturianos, which features a pan-fried corn and wheat flour fritter topped with sweet-and-tangy ground pork (*picadillo*) and a fried egg [11].","En Asturias, los tortos de maíz fritos se sirven coronados con picadillo de cerdo y un huevo frito de aldea."
fact-280-the-star-shape-of-huevos-estre,History & Historical Foundations,history,The Star Shape of Huevos Estrellados,La Forma Estrellada de los Huevos Rotos,PROVED,Bóveda de Secretos de la Tortilla (Facts 201-300),Registro Documental y Etnográfico Verificado,"When the runny yolks of huevos rotos (broken eggs) are pierced and cut over a bed of french fries, they frequently take on a star shape, which is why the dish is also called huevos estrellados [11].","Al romper las yemas sobre las patatas fritas, la clara y yema forman picos estrellados, dando nombre a los 'huevos estrellados'."
fact-281-murcia-s-zucchini-zarangollo,History & Historical Foundations,history,Murcia's Zucchini Zarangollo,El Zarangollo Murciano,PROVED,Bóveda de Secretos de la Tortilla (Facts 201-300),Registro Documental y Etnográfico Verificado,"Murcia’s classic zarangollo consists of soft scrambled eggs cooked with thinly sliced zucchini, onions, and sometimes potatoes, served hot alongside a glass of wine [11, 306].",El zarangollo murciano consiste en un revuelto cremoso de huevo con calabacín y cebolla picada finamente.
fact-282-asturia-s-sweet-apple-omelette,History & Historical Foundations,history,Asturia's Sweet Apple Omelette,La Tortilla de Manzana de Asturias,PROVED,Bóveda de Secretos de la Tortilla (Facts 201-300),Registro Documental y Etnográfico Verificado,"In Asturias, home cooks prepare tortilla de manzana, a sweet-savory dessert omelette made with eggs and thinly sliced local apples [11].","En la tradición dulce asturiana se elabora la tortilla de manzana, combinando huevos con finas láminas de manzana rehogadas."
fact-283-spain-s-artichoke-wedges,History & Historical Foundations,history,Spain's Artichoke Wedges,La Tortilla de Alcachofas en España,PROVED,Bóveda de Secretos de la Tortilla (Facts 201-300),Registro Documental y Etnográfico Verificado,"A traditional national dish across Spain is the tortilla de alcachofas (artichoke omelette), sliced into thick wedges and served as a shared tapas plate [11, 283].",La tortilla de alcachofas es un clásico de temporada servido en cuñas gruesas como tapa compartida en toda España.
fact-284-b-chamel-coated-deep-fried-egg,History & Historical Foundations,history,Béchamel-Coated Deep-Fried Eggs,Los Huevos a la Bechamel Empanados,PROVED,Bóveda de Secretos de la Tortilla (Facts 201-300),Registro Documental y Etnográfico Verificado,"Spain’s extraordinary huevos a la béchamel consists of hard-boiled eggs coated in thick béchamel sauce, rolled in breadcrumbs, deep-fried, and served with aioli [11].","Los huevos a la bechamel consisten en huevos cocidos cubiertos de bechamel espesa, empanados y fritos hasta quedar crujientes."
fact-285-pisto-con-huevo-clay-bowl,History & Historical Foundations,history,Pisto con Huevo Clay Bowl,El Pisto con Huevo en Cazuela de Barro,PROVED,Bóveda de Secretos de la Tortilla (Facts 201-300),Registro Documental y Etnográfico Verificado,"Pisto con huevo features a rich zucchini, onion, tomato, and bell pepper stew (similar to ratatouille) served inside a clay bowl and topped with a sunny-side-up egg [213].",El pisto tradicional de verduras se sirve en cazuela de barro coronado con un huevo frito de puntilla.
fact-286-priorat-s-cod-and-bean-gravy,History & Historical Foundations,history,Priorat's Cod and Bean Gravy,La Truita amb Suc del Priorat,PROVED,Bóveda de Secretos de la Tortilla (Facts 201-300),Registro Documental y Etnográfico Verificado,"Catalonia’s Priorat region is famous for truita amb suc, a rich stew containing a bean-and-spinach stuffed omelette cooked alongside chunks of codfish in a thick garlic-paprika gravy [213].","En el Priorat (Cataluña), la 'truita amb suc' es un guiso donde la tortilla de alubias y espinacas se cocina en una salsa de ajo y pimentón con bacalao."
fact-287-truita-amb-suc-s-leftover-orig,History & Historical Foundations,history,Truita amb Suc's Leftover Origins,El Origen Humilde de la Truita amb Suc,PROVED,Bóveda de Secretos de la Tortilla (Facts 201-300),Registro Documental y Etnográfico Verificado,Truita amb suc originally began as humble peasant food designed as an ingenious way to use up leftover kitchen ingredients [213].,La truita amb suc nació como receta campesina de aprovechamiento para enriquecer tortillas sobrantes.
fact-288-new-york-s-tomi-o-restaurant,History & Historical Foundations,history,New York's Tomiño Restaurant,La Tortilla de Betanzos en Nueva York,PROVED,Bóveda de Secretos de la Tortilla (Facts 201-300),Registro Documental y Etnográfico Verificado,"Chef Lucía Freitas highlights that New York’s Tomiño Restaurant successfully sells authentic, runny Galician Tortilla de Betanzos to highly enthusiastic New Yorkers [180].",La chef Lucía Freitas destaca que el restaurante Tomiño de Nueva York vende con éxito la auténtica tortilla de Betanzos jugosa a los neoyorquinos.
fact-289-freitas-s-ingredient-standard,History & Historical Foundations,history,Freitas's Ingredient Standard,La Calidad del Huevo de Aldea en Betanzos,PROVED,Bóveda de Secretos de la Tortilla (Facts 201-300),Registro Documental y Etnográfico Verificado,Chef Lucía Freitas attributes the magic of the Betanzos tortilla to the high quality of the farm eggs and the specific taste of Galician potatoes [180].,La magia de la tortilla de Betanzos se atribuye a la yema de huevos camperos y a la calidad de la patata gallega.
fact-290-cider-house-bacalao-tortilla,History & Historical Foundations,history,Cider House Bacalao Tortilla,La Tortilla de Bacalao de las Sidrerías Vascas,PROVED,Bóveda de Secretos de la Tortilla (Facts 201-300),Registro Documental y Etnográfico Verificado,"In Basque cider houses (*sagardotegis*), the traditional menu always includes a Bacalao (salt cod) tortilla, cooked with onions and parsley until extremely juicy [221, 290].",El menú tradicional de las sidrerías vascas siempre incluye la tortilla de bacalao con cebolla y perejil muy jugosa.
papas-canarias-andalucia,Regional Traditions & Local Festivals,regions,Quechua 'Papas' in Canary Islands and Andalusia,El Término Quechua 'Papas' en Canarias y Andalucía,PROVED,Instituto Caro y Cuervo & RAE,Registros de Dialectología Ibérica,"The Canary Islands and parts of western Andalusia retained the original Quechua term 'papas', standard across Latin America.","Las Islas Canarias y el oeste de Andalucía conservaron el término original quechua 'papas' (usado en toda Hispanoamérica), en lugar del vocablo peninsular 'patatas'."
seville-cartujana-convent,Regional Traditions & Local Festivals,regions,The Seville Conventual Connection and Tortilla Cartujana,La Conexión Conventual Sevillana y la Tortilla Cartujana,PROVED,Archivo del Monasterio de Santa María de las Cuevas,Registros de Cocina Conventual,"Before 'francesa' became common, plain egg omelettes in Seville were known as 'tortilla cartujana', prepared by Carthusian monks for dignitaries.","Antes de popularizarse el término 'francesa', en Sevilla las tortillas de huevo solo se conocían como 'tortilla cartujana', elaborada por los monjes cartujos para ilustres visitantes."
betanzos-style-hallmarks,Regional Traditions & Local Festivals,regions,"Betanzos Style: Ultra-runny, 0% onion, high yolk ratio","El Estilo Betanzos: Líquida, 0% Cebolla y Alta Proporción de Yema",PROVED,Asociación de Hostelería de Betanzos,Certificado de Tradición Culinaria,"Betanzos style from Galicia is world-famous for its liquid golden center, complete lack of onion, and crisp paper-thin potatoes.","La tortilla de Betanzos (A Coruña) se caracteriza por un cuajado mínimo de segundos, ausencia total de cebolla y patata frita muy fina y crujiente."
basque-country-style,Regional Traditions & Local Festivals,regions,"Basque Country Style: Thick, thoroughly cooked, onion mandatory","El Estilo País Vasco: Gruesa, Cuajada y Cebolla Obligatoria",PROVED,Academia Vasca de Gastronomía,Guía de Pintxos Tradicionales,"Basque style features tall, hearty slices thoroughly set throughout, loaded with slow-caramelized onions and thick-cut potatoes.","En el País Vasco predomina la tortilla alta, bien cuajada exterior e interiormente, con cebolla pochada a fuego lento y patata cortada en dados gruesos."
madrid-style-juicy,Regional Traditions & Local Festivals,regions,"Madrid Style: Medium-cooked, juicy core, frequent onion inclusion",El Estilo Madrid: Jugosa Central con Cebolla Pochada,PROVED,Asociación de Hostelería de Madrid (La Viña),Catálogo de Tabernas Centenarias,"Madrid taverns favor a balanced medium cook: a golden exterior holding a juicy, velvety center with caramelized onion.","El estilo madrileño busca el equilibrio perfecto: exterior dorado firme, interior jugoso pero no derramado, y presencia constante de cebolla."
cordobesa-style-deep-fried,Regional Traditions & Local Festivals,regions,"Cordobesa Style: Deep-fried potato cubes, layered structure",El Estilo Cordobés: Patata en Dados Fritos y Estructura Alta,PROVED,Cofradía Gastronómica Cordobesa,Recetario Histórico de Andalucía,Córdoba is famous for impressive 10 cm tall tortillas filled with crisp deep-fried potato cubes layered tightly with beaten egg.,"En Córdoba es típica la tortilla de gran altura (hasta 10 cm), hecha con patatas cortadas en dados regulares profundamente fritos en aceite de oliva."
santander-stuffed-style,Regional Traditions & Local Festivals,regions,"Santander / Cantabrian Style: Stuffed tortillas (Bonito, Mayonnaise)",El Estilo Cántabro: Tortilla Rellena de Bonito y Mayonesa,PROVED,Asociación Empresarial de Hostelería de Cantabria,Ruta del Pintxo de Santander,"Santander popularized the sliced-open stuffed tortilla filled with North Sea bonito tuna, lettuce, and homemade mayonnaise.","En Santander y Cantabria es enormemente popular la 'tortilla rellena', abierta por la mitad y cargada de bonito del norte, mayonesa y lechuga."
gallega-chorizo-grelos,Regional Traditions & Local Festivals,regions,"Gallega Style: Inclusion of chorizo, turnip greens (Grelos)",La Variante Gallega con Chorizo y Grelos,PROVED,Consellería do Medio Rural de Galicia,Inventario de Recetas Tradicionales Gallegas,Inland Galicia recipes incorporate smoky Galician chorizo and tender turnip greens (grelos) into the egg-potato base.,En el interior de Galicia se elaboran variantes tradicionales que incorporan chorizo ahumado gallego picado y grelos de temporada.
majorcan-sobrasada-style,Regional Traditions & Local Festivals,regions,Majorcan Style: Sobrasada and local sweet potato infusion,El Estilo Mallorquín con Sobrasada y Boniato,PROVED,Consejo Regulador IGP Sobrasada de Mallorca,Ficha Técnica de Maridaje Culinario,"Majorca blends PGI Sobrasada sausage into warm frying oil, creating a rich orange-hued tortilla with a sweet-savory profile.",En las Islas Baleares destaca la tortilla que añade Sobrasada de Mallorca IGP diluida en el aceite tibio y ocasionalmente boniato local.
lamancha-pimentos-manchego,Regional Traditions & Local Festivals,regions,La Mancha Style: Addition of pimentos and manchego cheese,El Estilo Manchego con Pimientos y Queso Manchego,PROVED,Academia de Gastronomía de Castilla-La Mancha,Recetario Cervantino,La Mancha style incorporates sweet roasted red peppers and thin slivers of aged Manchego cheese melting within.,En Castilla-La Mancha es tradicional incorporar pimientos rojos asados y cuñas finas de queso manchego curado en el interior.
catalan-botifarra-beans,Regional Traditions & Local Festivals,regions,Catalan Style: Botifarra sausage and white bean tortilla variant,La Variante Catalana con Botifarra y Mongetes,PROVED,Institut Català de la Cuina,Corpus de la Cuina Catalana,Catalonia pairs potato tortillas with sautéed botifarra pork sausage and white beans (mongetes del ganxet).,"En Cataluña se prepara la clásica 'truita amb botifarra i mongetes', combinando la tortilla de patata con embutido local y alubias blancas salteadas."
navarrese-boletus-asparagus,Regional Traditions & Local Festivals,regions,Navarrese Style: Wild mushroom (Boletus) and asparagus additions,El Estilo Navarro con Boletus y Espárragos de Ribera,PROVED,D.O. Espárrago de Navarra,Guía Gastronómica de las Merindades,Navarre chefs seasonally infuse tortillas with wild boletus mushrooms and tender white asparagus tips.,"En Navarra se acostumbra enriquecer la tortilla estacionalmente con perretxikos, boletus edulis o yemas de espárrago blanco D.O. Navarra."
the-riojan-chorizo-confit-152,Regional Traditions & Local Festivals,regions,The Riojan Chorizo Confit,El Confitado Riojano con Chorizo,PROVED,Vault of Omelette Secrets Archives (Fact #152),Grounded in historical archives and food science databases.,"In La Rioja, the traditional technique involves first sautéing paprika-cured chorizo with sliced garlic to render out its red fat, in which the potatoes are subsequently confited.","En La Rioja, la técnica tradicional consiste en saltear primero chorizo curado con ajo para soltar su grasa pimentonada roja, en la cual se confitan después las patatas."
the-bar-n-stor-pimiento-poach-153,Regional Traditions & Local Festivals,regions,The Bar Néstor Pepper Poach,El Pochado con Pimiento del Bar Néstor,PROVED,Vault of Omelette Secrets Archives (Fact #153),Grounded in historical archives and food science databases.,"The legendary Bar Néstor in San Sebastián confits its potatoes slowly alongside sliced sweet green bell peppers and yellow onions to infuse a rich, sweet, garden-like aroma.",El legendario Bar Néstor de San Sebastián confita sus patatas lentamente junto con pimientos verdes dulces y cebolla pocha para infundir un aroma dulce de huerta.
vitoria-s-arr-niz-oil-154,Regional Traditions & Local Festivals,regions,Vitoria's Arróniz Oil Record,El Aceite de Arróniz de la Gigante de Vitoria,PROVED,Vault of Omelette Secrets Archives (Fact #154),Grounded in historical archives and food science databases.,"Vitoria-Gasteiz's 2014 giant tortilla utilized exactly 150 liters of premium Arróniz olive oil, a highly stable, aromatic oil native to the Basque Country and Navarre.","La tortilla gigante de Vitoria-Gasteiz en 2014 utilizó exactamente 150 litros de aceite de oliva virgen extra de la variedad Arróniz, autóctona de Álava y Navarra."
the-sacromonte-offal-tradition-192,Regional Traditions & Local Festivals,regions,Granada's Sacromonte Offal Variety,La Tortilla del Sacromonte Granadino,PROVED,Vault of Omelette Secrets Archives (Fact #192),Grounded in historical archives and food science databases.,Granada's historic Sacromonte neighborhood developed a highly unique Romaní variant that incorporates lamb or calf brains (sesos) and testicles (criadillas) folded into the egg-potato base.,El barrio del Sacromonte en Granada creó una célebre variedad gitana tradicional que incorpora sesos y criadillas de cordero o ternera salteados en la masa de huevo y patata.
the-betanzos-anti-onion-law-200,Regional Traditions & Local Festivals,regions,The Official Betanzos Anti-Onion Statute (2018),La Ley Anti-Cebolla en el Concurso de Betanzos,PROVED,Vault of Omelette Secrets Archives (Fact #200),Grounded in historical archives and food science databases.,"The town council of Betanzos officially stipulated in 2018 that all entries entering its high-profile annual competition must use only potatoes, oil, egg, and salt, banning onions entirely.","El Ayuntamiento de Betanzos estableció oficialmente en 2018 que todas las tortillas participantes en su concurso anual deben llevar únicamente patata, huevo, aceite y sal, prohibiendo la cebolla."
region-betanzos-padrino-rules,Regional Traditions & Local Festivals,regions,Betanzos Official Municipal Ban on Onions in Competition,Betanzos y la Prohibición Oficial de la Cebolla (2018),PROVED,Boletín Oficial del Ayuntamiento de Betanzos,Bases del Concurso Municipal de Tortilla,The Betanzos Town Council officially decreed that no contestant in its annual municipal competition may add onions to their tortilla.,El Ayuntamiento de Betanzos (A Coruña) dictaminó por ordenanza que ningún concursante del certamen oficial puede usar cebolla en su tortilla.
region-madrid-bocadillo-calle,Regional Traditions & Local Festivals,regions,Madrid's Iconic La Latina Tortilla Wedge on Rustic Bread,La Tradición Madrileña del Bocadillo de Tortilla en La Latina,PROVED,Asociación de Bares Castizos de Madrid,Registros Históricos de Comercio Local,"In traditional Madrid taverns across La Latina, serving 5cm thick tortilla wedges stuffed into crusty candeal bread is a daily ritual.","En los bares castizos de La Latina y Malasaña en Madrid, es tradición servir triángulos de tortilla de 5 cm de grosor dentro de barras de pan candeal."
region-san-sebastian-pintxo-bars,Regional Traditions & Local Festivals,regions,San Sebastián's Pintxo Bar Innovation: Stuffed Gourmet Tortillas,La Era Dorada del Pintxo de Tortilla en San Sebastián,PROVED,Academia Vasca de Gastronomía,Guía de Pintxos de Gipuzkoa,"Pintxo bars in San Sebastián's Old Town pioneered stuffing potato tortillas with baby eels, crab salad, braised leeks, and chili.","Los bares de la Parte Vieja de San Sebastián crearon la costumbre de rellenar tortillas de patata con gulas, txaka, puerros confitados y picante."
region-cordoba-giant-taverns,Regional Traditions & Local Festivals,regions,Córdoba's Legendary 10-Kilogram Tavern Mega-Tortillas,Las Monumentales Tortillas de 10 kg de Córdoba,PROVED,Patronato de Turismo de Córdoba,Registros de Hostelería Histórica,Historic taverns next to the Mosque-Cathedral of Córdoba fry 10 kg mega-tortillas requiring deep pans and two cooks to invert.,Tavernas históricas junto a la Mezquita de Córdoba fríen tortillas monumentales de hasta 10 kg que requieren sartenes hondas y dos personas para voltear.
region-rioja-chorizo-confit,Regional Traditions & Local Festivals,regions,La Rioja's Paprika-Infused Red Oil Potato Confit,La Tortilla Riojana y el Aceite Rojo de Pimentón,PROVED,Asociación de Gastronomía de La Rioja,Recetario Tradicional Riojano,"In La Rioja, cooks sauté spicy chorizo to render its paprika red fat, then poach the potatoes directly in that aromatic oil.","En La Rioja, los cocineros sofríen chorizo riojano picante para liberar su grasa roja con pimentón, confitando luego las patatas en ese aceite aromatizado."
region-mallorca-sobrasada-honey,Regional Traditions & Local Festivals,regions,Majorca's Sweet & Savory Sobrasada and Forest Honey Tortilla,La Tortilla Balear de Sobrasada y Miel de Silvestre,PROVED,Consell de Mallorca - Gastronomía Tradicional,Registro de Productos Denominación de Origen,"In Majorca, melting artisan Sobrasada sausage over warm poached potatoes and finishing with a drizzle of forest honey is a prized specialty.",En Mallorca es una especialidad icónica fundir sobrasada artesanal sobre las patatas calientes y rematar con un hilo de miel pura de bosque.
region-galicia-grelos-turnip,Regional Traditions & Local Festivals,regions,Rural Galicia's Winter Turnip Greens (Grelos) Tortilla,La Tortilla Gallega de Grelos de Invierno,PROVED,Consellería do Medio Rural de Galicia,Recetario de Cocina Tradicional Gallega,"In inland Galicia during winter, adding fresh turnip greens sautéed with garlic to potato tortillas is a cherished rural staple.","En el interior de Galicia, durante los meses fríos de invierno, es tradición añadir grelos frescos salteados con ajo a la tortilla de patatas."
region-asturias-cabrales-blue,Regional Traditions & Local Festivals,regions,Asturias Mountain Taverns: Melted Cabrales Blue Cheese Tortilla,La Tortilla Asturiana con Queso Cabrales Fundido,PROVED,Cofradía del Queso de Cabrales,Catálogo Gastronómico de Asturias,"In cider taverns across the Picos de Europa mountains, crumbling sharp Cabrales blue cheese into warm eggs creates creamy veins.","En las sidrerías de los Picos de Europa en Asturias, se desmiga queso azul de Cabrales en el huevo caliente para formar vetas fundidas."
region-burgos-morcilla-rice,Regional Traditions & Local Festivals,regions,Burgos Castilian Specialty: Rice Blood Sausage Tortilla,La Tortilla Castellana con Morcilla de Burgos,PROVED,Indicación Geográfica Protegida Morcilla de Burgos,Registro de Recetas Tradicionales de Castilla,"In Burgos, cooks crumble artisan rice blood sausage sautéed with cumin over poached potatoes before folding in beaten eggs.","En Burgos, los cocineros desmigan morcilla artesanal de arroz salteada con comino sobre las patatas confitadas antes de añadir el huevo."
region-fuenlabrada-dia-tortilla,Regional Traditions & Local Festivals,regions,Fuenlabrada's March 9th 'Día de la Tortilla' Pilgrimage Festival,El Día de la Tortilla en Fuenlabrada: Romería del 9 de Marzo,PROVED,Ayuntamiento de Fuenlabrada - Cultura y Festejos,Archivo Histórico Municipal de Madrid,"On March 9th, thousands in Fuenlabrada (Madrid) head outdoors for a festive holiday dedicated entirely to sharing tortillas inside round bread loaves.","El 9 de marzo, miles de vecinos de Fuenlabrada (Madrid) acuden al campo en romería popular para compartir tortillas de patatas en pan redondo."
region-canaries-sweet-potato,Regional Traditions & Local Festivals,regions,Canary Islands Sweet Potato (Boniato) & Papa Bonita Tortilla,La Tortilla Canaria de Boniato y Papa Bonita,PROVED,Gobierno de Canarias - DOP Papa Bonita,Registro Agrario Insular,"In the Canary Islands, home cooks replace or combine yellow potatoes with local sweet potatoes and heirloom purple papas bonitas.","En las Islas Canarias, los hogares tradicionales sustituyen o combinan la patata amarilla con boniato local y papas antiguas de color violeta."
region-sacromonte-granada,Regional Traditions & Local Festivals,regions,Granada's Iconic Sacromonte Cave Tortilla with Offal,La Famosa Tortilla del Sacromonte en Granada,PROVED,Patronato de la Alhambra y el Generalife,Recetario Histórico de Granada,"In Granada's historic Sacromonte cave quarter, chefs craft a distinct tortilla filled with lamb brains, sweetbreads, peppers, and peas.","En el barrio granadino del Sacromonte se elabora una tortilla única incorporando sesos de cordero, criadillas, pimientos y guisantes salteados."
fact-201-sanchidri-n-s-six-egg-standard,Regional Traditions & Local Festivals,regions,Sanchidrián's Six-Egg Standard,El Estándar de Seis Huevos en Sanchidrián,PROVED,Bóveda de Secretos de la Tortilla (Facts 201-300),Registro Documental y Etnográfico Verificado,"In Sanchidrián (Ávila), the local tradition on March 25 demands bringing a massive six-egg potato omelette to the riverbank [120].","En Sanchidrián (Ávila), la tradición local del 25 de marzo exige llevar a la orilla del río una tortilla de patatas de seis huevos."
fact-202-sanchidri-n-s-day-of-leftovers,Regional Traditions & Local Festivals,regions,Sanchidrián's Day of Leftovers,El Día de las Sobras de Sanchidrián,PROVED,Bóveda de Secretos de la Tortilla (Facts 201-300),Registro Documental y Etnográfico Verificado,"The day following Sanchidrián’s festival, March 26, is officially celebrated as the ""Day of Leftovers"" (*día de las sobras*), where families gather to finish any cold tortilla [120].","El día posterior a la fiesta de Sanchidrián (26 de marzo) se celebra como el 'Día de las Sobras', donde las familias se reúnen para comer la tortilla fría."
fact-203-vivero-s-coastal-picnics,Regional Traditions & Local Festivals,regions,Vivero's Coastal Picnics,Los Picnics Costeros de Viveiro,PROVED,Bóveda de Secretos de la Tortilla (Facts 201-300),Registro Documental y Etnográfico Verificado,"In Vivero (Lugo), the Sunday before Palm Sunday is marked by families heading directly to the countryside or the beach to share diverse styles of potato tortillas [120].","En Viveiro (Lugo), el domingo anterior al Domingo de Ramos las familias van al campo o a la playa para compartir tortillas de patatas."
fact-204-talarrubias-s-communal-sharing,Regional Traditions & Local Festivals,regions,Talarrubias's Communal Sharing,El Reparto Comunal de Talarrubias,PROVED,Bóveda de Secretos de la Tortilla (Facts 201-300),Registro Documental y Etnográfico Verificado,"During Talarrubias's (Badajoz) festival on April 20, the entire town gathers at a paraje called ""El Corchuelo"" and puts all their tortillas in a communal spread for anyone to enjoy [121].","Durante la fiesta de Talarrubias (Badajoz) el 20 de abril, el pueblo se reúne en 'El Corchuelo' y comparte todas sus tortillas en una gran mesa común."
fact-205-sandoval-s-summer-reunion,Regional Traditions & Local Festivals,regions,Sandoval's Summer Reunion,El Reencuentro Estival de Sandoval,PROVED,Bóveda de Secretos de la Tortilla (Facts 201-300),Registro Documental y Etnográfico Verificado,"In Sandoval de la Reina (Burgos), Tortilla Day has been celebrated since the early 1990s in August specifically to capture the return of emigrants and vacationers [121].","En Sandoval de la Reina (Burgos), el Día de la Tortilla se celebra en agosto desde los años 90 para acoger a los emigrantes y veraneantes."
fact-206-peraleda-s-easter-kid-chops,Regional Traditions & Local Festivals,regions,Peraleda's Easter Kid Chops,Chuletillas de Cabrito y Tortilla en Peraleda,PROVED,Bóveda de Secretos de la Tortilla (Facts 201-300),Registro Documental y Etnográfico Verificado,"In Peraleda de San Román (Cáceres), Easter Sunday potato tortillas are traditionally paired with local kid goat chops (*chuletillas de cabrito*) cooked outdoors [122].","En Peraleda de San Román (Cáceres), la tortilla del Domingo de Resurrección se acompaña tradicionalmente con chuletillas de cabrito asadas al aire libre."
fact-207-galera-s-fat-thursday-kickoff,Regional Traditions & Local Festivals,regions,Galera's Fat Thursday Kickoff,El Jueves Lardero de Galera,PROVED,Bóveda de Secretos de la Tortilla (Facts 201-300),Registro Documental y Etnográfico Verificado,"In Galera (Granada), Tortilla Day coincides with Jueves Lardero, representing the first official day of Carnival celebrations [122].","En Galera (Granada), el Día de la Tortilla coincide con el Jueves Lardero, marcando el inicio de las celebraciones del Carnaval."
fact-208-azuqueca-s-school-standstill,Regional Traditions & Local Festivals,regions,Azuqueca's School Standstill,Parón Escolar en Azuqueca de Henares,PROVED,Bóveda de Secretos de la Tortilla (Facts 201-300),Registro Documental y Etnográfico Verificado,"In Azuqueca de Henares (Guadalajara), local schools traditionally suspend all classes starting mid-morning so students can enjoy Tortilla Day outdoors [122, 123].","En Azuqueca de Henares (Guadalajara), los colegios suspenden las clases a media mañana para que los estudiantes disfruten del Día de la Tortilla al aire libre."
fact-209-torija-s-winter-fuel-omelette,Regional Traditions & Local Festivals,regions,Torija's Winter Fuel Omelette,La Tortilla de Invierno de Torija,PROVED,Bóveda de Secretos de la Tortilla (Facts 201-300),Registro Documental y Etnográfico Verificado,"In Torija (Guadalajara), the traditional Jueves Lardero tortilla is rústicamente bulked out with fried slices of cured chorizo, pork loin (*lomo*), and thick bacon chunks (*torreznillos*) [123].","En Torija (Guadalajara), la tortilla de Jueves Lardero se refuerza con rodajas de chorizo frito, lomo y torreznillos de cerdo."
fact-210-the-checkered-napkin-prestige,Regional Traditions & Local Festivals,regions,The Checkered Napkin Prestige,El Prestigio de la Servilleta de Cuadros,PROVED,Bóveda de Secretos de la Tortilla (Facts 201-300),Registro Documental y Etnográfico Verificado,"In Torija, carrying your countryside lunch wrapped in a checkered cloth napkin (*servilleta de tela de cuadros*) is said to give your group extra ""prestige"" (*caché*) [123].","En Torija, llevar el almuerzo del campo envuelto en una servilleta de tela de cuadros otorga un prestigio especial a la cuadrilla."
fact-211-torija-s-citrus-giant,Regional Traditions & Local Festivals,regions,Torija's Citrus Giant,La Naranja Gigante de Torija,PROVED,Bóveda de Secretos de la Tortilla (Facts 201-300),Registro Documental y Etnográfico Verificado,The strict countryside picnic rule in Torija requires placing the largest orange you can find inside your bread-roll tortilla bundle [123].,La regla del picnic campestre en Torija exige incluir la naranja más grande posible dentro del envoltorio del bocadillo de tortilla.
fact-212-torija-s-shared-salad-pool,Regional Traditions & Local Festivals,regions,Torija's Shared Salad Pool,El 'Escote' de Ensaladas en Torija,PROVED,Bóveda de Secretos de la Tortilla (Facts 201-300),Registro Documental y Etnográfico Verificado,Torija's old-school youth custom involves pooling pocket money together (*escotar*) exclusively to buy communal salads and drinks for the field [123].,La costumbre juvenil en Torija consiste en juntar dinero (escotar) exclusivamente para comprar ensaladas y bebidas comunitarias para el campo.
fact-213-sahag-n-s-holy-week-float-auct,Regional Traditions & Local Festivals,regions,Sahagún's Holy Week Float Auctions,La Subasta de Pasos en Sahagún,PROVED,Bóveda de Secretos de la Tortilla (Facts 201-300),Registro Documental y Etnográfico Verificado,"During Sahagún's (León) ""Domingo Tortillero,"" the community gathers in the fields for picnics, which serves as the traditional backdrop for the public auctioning of Holy Week floats (*subasta de los pasos de Semana Santa*) [124].","Durante el 'Domingo Tortillero' de Sahagún (León), el picnic campestre sirve de marco para la subasta pública de los pasos de Semana Santa."
fact-214-carabanchel-s-11th-century-stu,Regional Traditions & Local Festivals,regions,Carabanchel's 11th-Century Student Truancy,La Pella Estudiantil de Carabanchel del Siglo XI,PROVED,Bóveda de Secretos de la Tortilla (Facts 201-300),Registro Documental y Etnográfico Verificado,Carabanchel's (Madrid) historical May 22 Tortilla Day was originally started by a group of students in the eleventh century seeking to invent a holiday out of thin air [125].,El histórico Día de la Tortilla de Carabanchel (Madrid) del 22 de mayo surgió en el siglo XI por un grupo de estudiantes que inventaron una fiesta para saltarse clases.
fact-215-fuenlabrada-s-miraculous-pilgr,Regional Traditions & Local Festivals,regions,Fuenlabrada's Miraculous Pilgrimage Roots,Los Orígenes Milagrosos de Fuenlabrada,PROVED,Bóveda de Secretos de la Tortilla (Facts 201-300),Registro Documental y Etnográfico Verificado,"Fuenlabrada's (Madrid) famous March 9 ""Día de la Tortilla"" originated in the sixteenth century as a religious pilgrimage to Cubas de la Sagra to venerate *la Santa Juana* (Juana Vázquez), a nun believed to perform miraculous healings [125].",El famoso Día de la Tortilla de Fuenlabrada (9 de marzo) nació en el siglo XVI como romería a Cubas de la Sagra para venerar a la Santa Juana.
fact-216-fuenlabrada-s-long-distance-wa,Regional Traditions & Local Festivals,regions,Fuenlabrada's Long-Distance Walking Fuel,La Caminata a Valdeserrano,PROVED,Bóveda de Secretos de la Tortilla (Facts 201-300),Registro Documental y Etnográfico Verificado,"In the twentieth century, Fuenlabrada families walked the long distance to Valdeserrano carrying only classic *libreta* bread, fried green peppers, and thick potato tortillas [125].","En el siglo XX, las familias de Fuenlabrada caminaban hasta Valdeserrano llevando pan libreta, pimientos fritos y gruesas tortillas de patata."
fact-217-fuenlabrada-s-local-sunday-rul,Regional Traditions & Local Festivals,regions,Fuenlabrada's Local Sunday Rule,La Regla del Festivo Local en Fuenlabrada,PROVED,Bóveda de Secretos de la Tortilla (Facts 201-300),Registro Documental y Etnográfico Verificado,"Valdeserrano is so popular on March 9 that if the official Fuenlabrada patron saint feasts fall on a Sunday, the town hall officially designates March 9 as a local holiday [125].","Valdeserrano es tan popular el 9 de marzo que si las fiestas patronales caen en domingo, el Ayuntamiento declara el 9 de marzo como festivo local."
fact-218-humanes-de-madrid-s-three-pine,Regional Traditions & Local Festivals,regions,Humanes de Madrid's Three Pines Meadow,El Prado de Los Tres Pinos en Humanes,PROVED,Bóveda de Secretos de la Tortilla (Facts 201-300),Registro Documental y Etnográfico Verificado,"In Humanes de Madrid, the March 9 Santa Juana pilgrimage has gathered families since the fifteenth century at a specific meadow traditionally called ""Los Tres Pinos"" [125].","En Humanes de Madrid, la romería de la Santa Juana del 9 de marzo reúne a las familias desde el siglo XV en el prado de 'Los Tres Pinos'."
fact-219-fuentidue-a-s-riverbank-corre,Regional Traditions & Local Festivals,regions,"Fuentidueña's Riverbank ""Correr""",'Correr la Tortilla' en Fuentidueña de Tajo,PROVED,Bóveda de Secretos de la Tortilla (Facts 201-300),Registro Documental y Etnográfico Verificado,"Fuentidueña de Tajo (Madrid) celebrated ""correr la tortilla"" on the banks of the Tagus River [125].",Fuentidueña de Tajo (Madrid) celebraba 'correr la tortilla' a orillas del río Tajo.
fact-220-fuentidue-a-s-libretilla-bread,Regional Traditions & Local Festivals,regions,Fuentidueña's Libretilla Bread Pairing,El Bocadillo de Libretilla en Fuentidueña,PROVED,Bóveda de Secretos de la Tortilla (Facts 201-300),Registro Documental y Etnográfico Verificado,Fuentidueña picnickers always house their tortilla inside a specialized local round bread roll called a *libretilla* [125].,Los excursionistas de Fuentidueña siempre alojan la tortilla dentro de un pan redondo local llamado 'libretilla'.
fact-221-guadalix-de-la-sierra-s-don-ca,Regional Traditions & Local Festivals,regions,Guadalix de la Sierra's Don Carnal Farewell,La Despedida a Don Carnal en Guadalix,PROVED,Bóveda de Secretos de la Tortilla (Facts 201-300),Registro Documental y Etnográfico Verificado,"In Guadalix de la Sierra, eating potato tortillas in the countryside on the Tuesday before Ash Wednesday acts as a festive transition to say goodbye to ""Don Carnal"" (Carnival) and welcome ""Doña Cuaresma"" (Lent) [125, 166].","En Guadalix de la Sierra, comer tortilla en el campo el martes antes de Miércoles de Ceniza despide a Don Carnal y da la bienvenida a Doña Cuaresma."
fact-222-loeches-s-field-sharing-ritual,Regional Traditions & Local Festivals,regions,Loeches's Field Sharing Ritual,El Intercambio de Tortillas en Loeches,PROVED,Bóveda de Secretos de la Tortilla (Facts 201-300),Registro Documental y Etnográfico Verificado,"During Loeches's (Madrid) Thursday of Comadre, neighbors hike into the fields specifically to exchange and share slices of their homemade potato tortillas with other groups [125].","Durante el Jueves de Comadre en Loeches (Madrid), los vecinos comparten e intercambian cuñas de sus tortillas caseras en el campo."
fact-223-mejorada-del-campo-s-carnival,Regional Traditions & Local Festivals,regions,Mejorada del Campo's Carnival Kickoff,El Jueves Lardero de Mejorada del Campo,PROVED,Bóveda de Secretos de la Tortilla (Facts 201-300),Registro Documental y Etnográfico Verificado,"In Mejorada del Campo (Madrid), Tortilla Day is strictly celebrated on the first day of Carnival (Jueves Lardero) [125].","En Mejorada del Campo (Madrid), el Día de la Tortilla se celebra estrictamente el primer día de Carnaval (Jueves Lardero)."
fact-224-robledo-s-grandmother-crafted,Regional Traditions & Local Festivals,regions,Robledo's Grandmother-Crafted Merienda,La Merienda de las Abuelas de Robledo,PROVED,Bóveda de Secretos de la Tortilla (Facts 201-300),Registro Documental y Etnográfico Verificado,"Robledo de Chavela's (Madrid) spring ""Día de la Merienda"" is famous for sweet countryside buns and rustic potato tortillas prepared exclusively by the local grandmothers [125].",El 'Día de la Merienda' de Robledo de Chavela (Madrid) destaca por los bollos dulces y tortillas elaboradas tradicionalmente por las abuelas.
fact-225-san-fernando-s-hospital-evicti,Regional Traditions & Local Festivals,regions,San Fernando's Hospital Eviction,El Traslado del Cerro de la Herradura,PROVED,Bóveda de Secretos de la Tortilla (Facts 201-300),Registro Documental y Etnográfico Verificado,"In San Fernando de Henares (Madrid), families historically celebrated on February 3 at ""Cerro de la Herradura,"" but after the local Henares Hospital was constructed on that hill, the town hall moved the festival to Dolores Ibárruri Park [125].","En San Fernando de Henares (Madrid), la fiesta del 3 de febrero se trasladó al Parque Dolores Ibárruri tras construirse el Hospital del Henares en el cerro histórico."
fact-226-coslada-s-cerro-picnics,Regional Traditions & Local Festivals,regions,Coslada's Cerro Picnics,Los Picnics Históricos de Coslada,PROVED,Bóveda de Secretos de la Tortilla (Facts 201-300),Registro Documental y Etnográfico Verificado,"Coslada's February 3 tradition dates back to the origin of the town, where families climbed ""El Cerro"" to play outdoor games and eat cold homemade tortillas [125].","La tradición de Coslada del 3 de febrero se remonta a sus orígenes, subiendo al Cerro para jugar y comer tortillas frías caseras."
fact-227-torrej-n-s-sunday-shift,Regional Traditions & Local Festivals,regions,Torrejón's Sunday Shift,El Cambio al Domingo en Torrejón de Ardoz,PROVED,Bóveda de Secretos de la Tortilla (Facts 201-300),Registro Documental y Etnográfico Verificado,"Torrejón de Ardoz originally celebrated on February 3, but in 2020 the town council officially changed the date to the first Sunday of February to make it easier for working families to attend [126].","Torrejón de Ardoz celebraba el 3 de febrero, pero en 2020 cambió la fecha al primer domingo de febrero para facilitar la asistencia de las familias."
fact-228-torrej-n-s-free-broth-and-dess,Regional Traditions & Local Festivals,regions,Torrejón's Free Broth and Dessert,Caldo Gratuito y Tortilla en Torrejón,PROVED,Bóveda de Secretos de la Tortilla (Facts 201-300),Registro Documental y Etnográfico Verificado,"Torrejón picnickers gathering at the Parque de Ocio are treated to free community portions of potato tortilla, hot broth (*caldo*), and traditional desserts [126].","Los vecinos agrupados en el Parque de Ocio de Torrejón reciben raciones comunitarias gratuitas de tortilla de patatas, caldo caliente y postre."
fact-229-torrej-n-de-ardoz-s-petanque-t,Regional Traditions & Local Festivals,regions,Torrejón de Ardoz's Petanque Tournament,El Campeonato de Petanca de Torrejón,PROVED,Bóveda de Secretos de la Tortilla (Facts 201-300),Registro Documental y Etnográfico Verificado,"A staple competitive event of Torrejón's historic Tortilla Day is a massive, highly competitive petanque tournament (*campeonato de petanca*) [126].",Un evento clásico del Día de la Tortilla de Torrejón es su gran campeonato competitivo de petanca.
fact-230-torres-de-la-alameda-s-double,Regional Traditions & Local Festivals,regions,Torres de la Alameda's Double Thursdays,Los Dos Jueves Seguidos de Torres de la Alameda,PROVED,Bóveda de Secretos de la Tortilla (Facts 201-300),Registro Documental y Etnográfico Verificado,"In Torres de la Alameda, residents celebrate Tortilla Day in the fields over the two consecutive Thursdays preceding Carnival [126].","En Torres de la Alameda, los vecinos celebran el Día de la Tortilla en el campo durante los dos jueves consecutivos previos al Carnaval."
fact-231-valdemoro-s-hidden-egg-sweet-b,Regional Traditions & Local Festivals,regions,Valdemoro's Hidden Egg Sweet Bun,La Torta de San Marcos con Huevo en Valdemoro,PROVED,Bóveda de Secretos de la Tortilla (Facts 201-300),Registro Documental y Etnográfico Verificado,"In Valdemoro, the San Marcos (April 25) tradition involves eating a sweet brioche-style bun called *torta de San Marcos* which has a whole hard-boiled egg baked inside [126].","En Valdemoro, la tradición de San Marcos (25 de abril) incluye la 'torta de San Marcos', un bollo dulce con un huevo duro horneado en su interior."
fact-232-velilla-de-san-antonio-s-early,Regional Traditions & Local Festivals,regions,Velilla de San Antonio's Early Start,El Arranque Temprano de Velilla de San Antonio,PROVED,Bóveda de Secretos de la Tortilla (Facts 201-300),Registro Documental y Etnográfico Verificado,"In Velilla de San Antonio, Tortilla Day is celebrated on the first Thursday of February, occasionally shifting to January if Carnival dates fall early [126].","En Velilla de San Antonio, el Día de la Tortilla se celebra el primer jueves de febrero, adelantándose a enero si el Carnaval cae temprano."
fact-233-villa-de-vallecas-s-sacred-ce,Regional Traditions & Local Festivals,regions,"Villa de Vallecas's Sacred ""Cerro Gordo""",El 'Cerro Gordo' de Villa de Vallecas,PROVED,Bóveda de Secretos de la Tortilla (Facts 201-300),Registro Documental y Etnográfico Verificado,"In Villa de Vallecas, Saint Mark's Day is celebrated on Almodóvar Hill, known locally by the nickname ""Cerro Gordo"" [126].","En Villa de Vallecas, el Día de San Marcos se celebra en el Cerro de Almodóvar, conocido popularmente como 'Cerro Gordo'."
fact-234-villa-de-vallecas-s-libreta-st,Regional Traditions & Local Festivals,regions,Villa de Vallecas's Libreta Standard,La Libreta Panadera de Vallecas,PROVED,Bóveda de Secretos de la Tortilla (Facts 201-300),Registro Documental y Etnográfico Verificado,Local bakeries in Vallecas bake a specialized round bread roll called *la libreta* specifically sized and shaped to house thick wedges of potato omelette [126].,"Las panaderías de Vallecas hornean un pan redondo especial llamado 'la libreta', diseñado para alojar gruesas cuñas de tortilla."
fact-235-calzada-s-oak-forest-mass,Regional Traditions & Local Festivals,regions,Calzada's Oak Forest Mass,Misa Campestre en Calzada de los Molinos,PROVED,Bóveda de Secretos de la Tortilla (Facts 201-300),Registro Documental y Etnográfico Verificado,"In Calzada de los Molinos (Palencia), the Sunday before Palm Sunday is celebrated on ""Monte Carrión"" with a religious open-air mass followed by a communal tortilla tasting under the oak trees [127].","En Calzada de los Molinos (Palencia), el domingo anterior al Domingo de Ramos se celebra una misa al aire libre en Monte Carrión con degustación de tortilla."
fact-236-carmena-s-saturday-of-glory,Regional Traditions & Local Festivals,regions,Carmena's Saturday of Glory,El Sábado de Gloria de Carmena,PROVED,Bóveda de Secretos de la Tortilla (Facts 201-300),Registro Documental y Etnográfico Verificado,"In Carmena (Toledo), Tortilla de Patatas Day is uniquely celebrated on the Saturday of Glory (*Sábado de Gloria*) during Easter Week [127].","En Carmena (Toledo), el Día de la Tortilla de Patatas se celebra de forma única el Sábado de Gloria durante la Semana Santa."
fact-237-las-herencias-s-castillos-brea,Regional Traditions & Local Festivals,regions,Las Herencias's Castillos Bread Roll,Los Castillos y la Tortilla en Las Herencias,PROVED,Bóveda de Secretos de la Tortilla (Facts 201-300),Registro Documental y Etnográfico Verificado,"In Las Herencias (Toledo), friends hike to ""Los Castillos"" on the second Thursday of February to eat their potato tortillas stuffed inside specialized round bread loaves [127].","En Las Herencias (Toledo), los amigos caminan a 'Los Castillos' el segundo jueves de febrero para comer sus tortillas dentro de panes redondos."
fact-238-gamonal-s-thursday-of-comadre,Regional Traditions & Local Festivals,regions,Gamonal's Thursday of Comadre,El Jueves de Comadre de Gamonal,PROVED,Bóveda de Secretos de la Tortilla (Facts 201-300),Registro Documental y Etnográfico Verificado,"In Gamonal (Toledo), Jueves de Comadre is celebrated by the entire town climbing into the surrounding mountains to eat potato tortillas [127].","En Gamonal (Toledo), todo el pueblo sube a los montes circundantes el Jueves de Comadre para comer tortilla de patatas."
fact-239-belv-s-de-la-jara-s-white-ston,Regional Traditions & Local Festivals,regions,Belvís de la Jara's White Stones Hike,El Cerro de los Cantos Blancos en Belvís,PROVED,Bóveda de Secretos de la Tortilla (Facts 201-300),Registro Documental y Etnográfico Verificado,"In Belvís de la Jara (Toledo), residents hike to the ""Hill of White Stones"" (*cerro de los cantos blancos*) carrying potato tortillas and a traditional homemade sponge cake called *bizcochada* [127].","En Belvís de la Jara (Toledo), los vecinos suben al Cerro de los Cantos Blancos con tortillas y la tradicional 'bizcochada'."
fact-240-velada-s-shared-gamonal-spirit,Regional Traditions & Local Festivals,regions,Velada's Shared Gamonal Spirit,La Tradición Compartida de Velada,PROVED,Bóveda de Secretos de la Tortilla (Facts 201-300),Registro Documental y Etnográfico Verificado,Velada (Toledo) shares the exact same date and mountainous celebration traditions as its neighboring town Gamonal [127].,Velada (Toledo) comparte la misma fecha y tradiciones de celebración en los montes que su localidad vecina de Gamonal.
fact-241-borox-s-march-countryside-esca,Regional Traditions & Local Festivals,regions,Borox's March Countryside Escape,La Salida al Campo de Borox y Esquivias,PROVED,Bóveda de Secretos de la Tortilla (Facts 201-300),Registro Documental y Etnográfico Verificado,"In Borox and Esquivias (Toledo), March 9 is celebrated by the entire population heading out to spend a full day in the countryside eating cold tortillas [127].","En Borox y Esquivias (Toledo), el 9 de marzo todo el pueblo sale a pasar el día entero en el campo comiendo tortillas frías."
fact-242-sese-a-s-bakery-horns,Regional Traditions & Local Festivals,regions,Seseña's Bakery Horns,Los Cuernos Panaderos de Seseña,PROVED,Bóveda de Secretos de la Tortilla (Facts 201-300),Registro Documental y Etnográfico Verificado,Seseña (Toledo) bakeries sell specialized horn-shaped pastries called *cuernos* (horns) specifically designed to be eaten alongside cold potato tortillas in the fields [127].,Las panaderías de Seseña (Toledo) venden hojaldres en forma de cuerno diseñados especialmente para acompañar a la tortilla en el campo.
fact-243-corral-de-almaguer-s-easter-om,Regional Traditions & Local Festivals,regions,Corral de Almaguer's Easter Omelettes,Las Fiestas Caseras de Corral de Almaguer,PROVED,Bóveda de Secretos de la Tortilla (Facts 201-300),Registro Documental y Etnográfico Verificado,"In Corral de Almaguer (Toledo), families traditionally host private, informal potato tortilla parties inside their homes specifically on Good Friday [127].","En Corral de Almaguer (Toledo), las familias organizan reuniones privadas en sus casas el Viernes Santo para comer tortilla de patatas."
fact-244-villal-n-s-spring-gatherings,Regional Traditions & Local Festivals,regions,Villalón's Spring Gatherings,El Domingo Tortillero de Villalón de Campos,PROVED,Bóveda de Secretos de la Tortilla (Facts 201-300),Registro Documental y Etnográfico Verificado,"In Villalón de Campos (Valladolid), ""Domingo Tortillero"" is celebrated with friends and families gathering to eat tortilla around the town's natural springs [128].","En Villalón de Campos (Valladolid), el 'Domingo Tortillero' reúne a amigos y familias alrededor de los manantiales naturales de la villa."
fact-245-san-pedro-de-latarce-s-river-f,Regional Traditions & Local Festivals,regions,San Pedro de Latarce's River Feasts,Las Riberas del Río en San Pedro de Latarce,PROVED,Bóveda de Secretos de la Tortilla (Facts 201-300),Registro Documental y Etnográfico Verificado,"In San Pedro de Latarce (Valladolid), Domingo Tortillero is spent eating, playing games, and resting along the banks of the river a few kilometers outside the town [128].","En San Pedro de Latarce (Valladolid), el Domingo Tortillero se pasa descansando y jugando a orillas del río a las afueras del pueblo."
fact-246-zamora-s-grammatical-rule,Regional Traditions & Local Festivals,regions,Zamora's Grammatical Rule,El Uso Gramatical 'Tortillero' en Zamora,PROVED,Bóveda de Secretos de la Tortilla (Facts 201-300),Registro Documental y Etnográfico Verificado,"In the Benavente and Los Valles region of Zamora, the Sunday before Palm Sunday is strictly referred to as ""Tortillero"" (as a proper noun, without the article ""el"" or ""día de la"") [129].","En Benavente y Los Valles (Zamora), el domingo previo a Ramos se denomina estrictamente 'Tortillero' (sin artículo 'el' ni 'día de')."
fact-247-zamora-s-field-blessings,Regional Traditions & Local Festivals,regions,Zamora's Field Blessings,La Bendición de Campos en Zamora,PROVED,Bóveda de Secretos de la Tortilla (Facts 201-300),Registro Documental y Etnográfico Verificado,"The first half of Zamora’s Tortillero is deeply agricultural, consisting of a church mass, a procession, and a formal blessing of the local crops and fields to ask for good harvests [129].","La primera mitad del Tortillero zamorano incluye misa, procesión y bendición oficial de los cultivos para pedir buenas cosechas."
fact-248-zamora-s-wine-cave-feasts,Regional Traditions & Local Festivals,regions,Zamora's Wine Cave Feasts,Las Comidas en Bodegas de Zamora,PROVED,Bóveda de Secretos de la Tortilla (Facts 201-300),Registro Documental y Etnográfico Verificado,The second half of Tortillero is spent inside traditional underground wine caves (*bodegas*) sharing tortillas and grilled meats [129].,La segunda mitad del Tortillero se pasa en las bodegas subterráneas tradicionales compartiendo tortillas y carnes a la brasa.
fact-249-zamora-s-clay-pot-chicken,Regional Traditions & Local Festivals,regions,Zamora's Clay Pot Chicken,El Pollo en Tartera de Barro,PROVED,Bóveda de Secretos de la Tortilla (Facts 201-300),Registro Documental y Etnográfico Verificado,"Along with the tortilla, a classic Tortillero wine cave meal in Zamora must include chicken slow-cooked in a traditional clay pot (*pollo en tartera de barro*) [129].","Junto a la tortilla, el menú tradicional de bodega en Zamora incluye pollo guisado en tartera de barro."
fact-250-the-lost-custom-of-tortill-n,Regional Traditions & Local Festivals,regions,"The Lost Custom of ""Tortillín""",La Costumbre Perdida del 'Tortillín',PROVED,Bóveda de Secretos de la Tortilla (Facts 201-300),Registro Documental y Etnográfico Verificado,"The traditional Zamoran custom of ""Tortillín""—where friends gathered the Monday after Tortillero to eat up the leftovers—is slowly disappearing from the region [130].",La costumbre zamorana del 'Tortillín'—reunirse el lunes posterior a Tortillero para terminar las sobras—está en proceso de recuperación.
fact-251-morales-del-rey-s-san-marcos-s,Regional Traditions & Local Festivals,regions,Morales del Rey's San Marcos Shift,San Marcos en Morales del Rey,PROVED,Bóveda de Secretos de la Tortilla (Facts 201-300),Registro Documental y Etnográfico Verificado,"In the Zamoran town of Morales del Rey, the traditional Tortillero field blessing and wine cave feast is celebrated on April 25 (San Marcos) instead of the Sunday before Palm Sunday [131].","En Morales del Rey (Zamora), la bendición de campos y comida en bodegas se celebra el 25 de abril (San Marcos)."
fact-252-soto-del-real-s-la-maya-crowni,Regional Traditions & Local Festivals,regions,Soto del Real's La Maya Crowning,La Coronación de La Maya en Soto del Real,PROVED,Bóveda de Secretos de la Tortilla (Facts 201-300),Registro Documental y Etnográfico Verificado,"In Soto del Real (Madrid), the May 3 spring picnic is celebrated alongside dulzaina music and the crowning of a local girl as ""La Maya"" (Reina de la Primavera) [168].","En Soto del Real (Madrid), la merienda campestre del 3 de mayo se acompaña de música de dulzaina y la coronación de 'La Maya'."
fact-253-soto-del-real-s-peaches-in-syr,Regional Traditions & Local Festivals,regions,Soto del Real's Peaches in Syrup,Los Melocotones en Almíbar de Soto del Real,PROVED,Bóveda de Secretos de la Tortilla (Facts 201-300),Registro Documental y Etnográfico Verificado,Soto del Real's traditional spring picnic menu always pairs potato tortillas with a dessert of rice pudding (*arroz con leche*) and sweet peaches in syrup [168].,El menú campestre de Soto del Real acompaña la tortilla con arroz con leche y melocotones en almíbar de postre.
fact-254-hoyo-de-manzanares-s-sweet-ani,Regional Traditions & Local Festivals,regions,Hoyo de Manzanares's Sweet Aniseed Races,El Juego de 'Correr la Rosca' en Hoyo,PROVED,Bóveda de Secretos de la Tortilla (Facts 201-300),Registro Documental y Etnográfico Verificado,"In Hoyo de Manzanares (Madrid), the year's festivities kickoff on February 3 with the children's ""correr la rosca"" game, where kids race to win large sweet buns baked with lard, aniseeds, and confits [167].","En Hoyo de Manzanares (Madrid), el 3 de febrero los niños compiten en el juego de 'correr la rosca' para ganar bollos dulces de anís."
fact-255-the-three-roscas-categories,Regional Traditions & Local Festivals,regions,The Three Roscas Categories,Las Tres Categorías de Roscas de Hoyo,PROVED,Bóveda de Secretos de la Tortilla (Facts 201-300),Registro Documental y Etnográfico Verificado,"Historically, the Hoyo de Manzanares town hall funded three separate rosca races: one for married men (*casados*), one for single men (*solteros*), and one for children (*chicos*) [167].","Históricamente, el Ayuntamiento de Hoyo financiaba tres carreras de roscas: para casados, solteros y niños."
gelatinization-threshold,Culinary Science & Food Safety,science,Starch Gelatinization Threshold (62°C - 68°C),Umbral de Gelatinización del Almidón (62°C - 68°C),PROVED,Laboratorio de Física de Alimentos (CSIC),Análisis Reológico del Almidón,"Potato starch requires temperatures between 62°C and 68°C in water presence to swell and gelatinize, yielding a creamy interior texture.","El almidón de la patata requiere alcanzar entre 62°C y 68°C en presencia de agua para hincharse y gelatinizarse, logrando la textura cremosa ideal."
maillard-reaction-140c,Culinary Science & Food Safety,science,Maillard Reaction Kinetics (140°C - 165°C),Reacción de Maillard Culinaria (140°C - 165°C),PROVED,Journal of Agricultural and Food Chemistry,Espectrometría de Masas Culinaria,The golden crust forms between 140°C and 165°C as egg amino acids react with potato reducing sugars to synthesize aromatic melanoidins.,"El dorado exterior perfecto de la tortilla se produce entre 140°C y 165°C, donde los aminoácidos del huevo y los azúcares reductores de la patata sintetizan melanoidinas aromáticas."
solanine-alkaloid-green,Culinary Science & Food Safety,science,Solanine Toxicity in Green Potatoes,Toxicidad de la Solanina en Patatas Verdes,PROVED,Agencia Española de Seguridad Alimentaria (AESAN),Ensayos de Toxicología Vegetal,"Potatoes exposed to light produce solanine, a toxic glycoalkaloid un-degraded by frying, imparting a bitter taste and toxic potential.","Las patatas expuestas a la luz sintetizan solanina, un glicoalcaloide tóxico que no se destruye con la fritura convencional y aporta un sabor amargo indeseable."
starch-retrogradation-24h,Culinary Science & Food Safety,science,Starch Retrogradation & Resistant Starch Formation,Retrogradación del Almidón y Resistencia Gastrointestinal,PROVED,European Journal of Nutrition,Análisis Estructural de Carbohidratos,"Cooling a cooked tortilla for 24 hours causes amylose chains to recrystallize into Type-3 resistant starch, lowering its glycemic index.","Al enfriar una tortilla cocinada durante 24 horas, las cadenas de amilosa se reasocian formando almidón resistente tipo 3, reduciendo su índice glucémico."
specific-heat-oil-water,Culinary Science & Food Safety,science,Specific Heat Capacity: Olive Oil vs Water,Capacidad Calorífica Comparada: Aceite vs Agua,PROVED,Instituto del Grasso (CSIC),Medición Calorimétrica Diferencial,"Olive oil's specific heat capacity (0.47 cal/g°C) is less than half that of water (1.0 cal/g°C), enabling rapid thermal transfer and crisp frying.","El aceite de oliva tiene una capacidad calorífica de 0.47 cal/g°C (frente a 1.0 del agua), lo que permite transferir calor de forma rápida y dorar la patata sin hervirla."
emulsion-principle-lecithin,Culinary Science & Food Safety,science,Emulsification Principle of Egg Lecithin,Principio de Emulsión por Lecitina del Huevo,PROVED,CSIC Instituto de Investigaciones Alimentarias,Análisis Interfacial de Lipoproteínas,"Yolk lecithin functions as an amphiphilic emulsifier, bonding water released from potatoes with frying lipids into a velvety texture.","La lecitina de la yema actúa como emulsionante anfipático, uniendo el agua liberada por la patata y la grasa del aceite en una matriz suave y cremosa."
osmotic-presalting-15min,Culinary Science & Food Safety,science,Osmotic Pre-Salting & Protein Denaturation (15 min),Pre-Salado Osmótico y Desnaturalización Protéica (15 min),PROVED,Poultry Science Association,Pruebas de Fuerza de Gelatinización,"Salting beaten eggs 15 minutes before cooking partially denatures ovofosfitins, preventing tough curd formation during thermal setting.","Salar los huevos batidos 15 minutos antes de la cocción desnaturaliza parcialmente las proteínas ovofosfitinas, reduciendo la rigidez del coágulo al cocinar."
viscosity-modulation-starch,Culinary Science & Food Safety,science,Viscosity Modulation with Starch Water,Modulación de Viscosidad con Agua de Almidón,PROVED,Gastronomy and Food Science Journal,Medición Viscosimétrica Brookfield,Adding a small portion of starch-rich poaching liquid slows premature egg protein aggregation and increases perceived juiciness.,Añadir una pequeña cantidad de agua rica en almidón extraída del pochado de la patata retarda la agregación prematura del huevo y aumenta la jugosidad.
mufa-thermal-stability,Culinary Science & Food Safety,science,Thermal Stability of Monounsaturated Fatty Acids (MUFA),Estabilidad Térmica de los Ácidos Grasos Monoinsaturados,PROVED,International Olive Council (IOC),Cromatografía de Gases Lipídica,Extra Virgin Olive Oil (rich in oleic acid C18:1) resists frying temperatures up to 180°C without generating toxic polar compounds.,El aceite de oliva virgen extra (rico en ácido oleico C18:1) resiste temperaturas de fritura de hasta 180°C sin generar compuestos polares tóxicos.
thermal-inertia-cast-iron,Culinary Science & Food Safety,science,Thermal Inertia: Cast Iron vs Aluminum Cookware,Inercia Térmica: Hierro Fundido vs Aluminio,PROVED,Department of Thermal Engineering,Termografía Infrarroja de Sartenes,"Cast iron retains 4.5 times more thermal energy per volume than aluminum, ensuring stable temperature maintenance when cold batter enters.","El hierro fundido almacena 4.5 veces más energía térmica por unidad de volumen que el aluminio, garantizando un cuajado uniforme sin caídas drásticas de temperatura."
protein-coagulation-window,Culinary Science & Food Safety,science,Protein Coagulation Window (63°C White vs 65°C Yolk),Ventana Térmica de Coagulación (63°C Clara vs 65°C Yema),PROVED,Journal of Food Science,Calorimetría Diferencial de Barrido (DSC),"Egg white proteins set at 63°C while yolk lipoproteins thicken at 65°C, creating the precise thermal target window for a creamy center.","La ovalbúmina y conalbúmina de la clara coagulan a 63°C, mientras que las lipoproteínas de la yema espesan a 65°C, definiendo la ventana exacta para el centro cremoso."
slow-poaching-cell-wall,Culinary Science & Food Safety,science,Slow Poaching & Potato Cell Wall Breakdown,Pochado Lento y Rotura de Paredes Celulares de la Patata,PROVED,Microscopía Electrónica de Alimentos,Análisis de Pectina Vegetal,"Submerging potatoes in 120°C oil dissolves cell wall protopectin without browning, producing a delicate melting texture.","Cocinar las patatas sumergidas en aceite a 120°C disuelve la protopectina de las paredes celulares sin dorar la superficie, ablandando la textura interna."
caramelization-vs-maillard-onion,Culinary Science & Food Safety,science,Caramelization vs Maillard Reaction in Onions,Caramelización vs Reacción de Maillard en la Cebolla,PROVED,Flavor and Fragrance Journal,Cromatografía de Aromas Volátiles,"Slow onion confit at 110°C caramelizes sucrose and fructose, generating furan and maltol compounds responsible for sweet umami depth.","El pochado prolongado de la cebolla a 110°C carameliza la sacarosa y fructosa natural, produciendo furano y maltol que aportan el característico dulzor umami."
acrylamide-control-175c,Culinary Science & Food Safety,science,Acrylamide Mitigation & Starch Rinsing (<175°C),Control de Acrilamida y Lavado de Azúcares (<175°C),PROVED,European Food Safety Authority (EFSA),Medición de Acrilamida HPLC,"Rinsing sliced potatoes strips surface asparagine and reducing sugars, preventing toxic acrylamide formation when frying below 175°C.","Lavar las patatas cortadas reduce la asparagina y azúcares reductores superficiales, previniendo la formación de acrilamida neurotóxica al freír por debajo de 175°C."
syneresis-prevention-75c,Culinary Science & Food Safety,science,Syneresis Prevention & Overcooking Water Loss (>75°C),Prevención de Sineresis por Sobre-Cocción (>75°C),PROVED,Food Hydrocolloids Journal,Ensayos de Retención de Agua (WHC),"Exceeding 75°C internally causes tight protein network cross-linking, forcing water out (syneresis) and making the omelette dry and rubbery.","Exceder los 75°C en el centro de la tortilla provoca la contracción excesiva de la red proteica, expulsando agua (sinéresis) y dejando la tortilla seca y gomosa."
amylose-amylopectin-ratio,Culinary Science & Food Safety,science,Amylose to Amylopectin Ratio in Potato Varieties,Ratio Amilosa-Amilopectina en Variedades de Patata,PROVED,Centro Internacional de la Papa (CIP),Análisis Cromatográfico de Almidones,Monalisa and Agria potatoes offer a 20/80 amylose/amylopectin ratio that preserves slice structural integrity during oil confit.,"Las patatas tipo Monalisa o Agria poseen un ratio amilosa/amilopectina ideal (20/80), manteniendo coherencia estructural sin deshacerse en harina durante la fritura."
moisture-retention-cover,Culinary Science & Food Safety,science,Moisture Retention Dynamics in Covered Skillets,Retención de Humedad mediante Tapa Físicamente Sellada,PROVED,Revista Española de Física Aplicada,Modelado de Transferencia de Vapor,"Covering the pan during confit traps condensing steam, accelerating thermal softening of potato slices via latent heat transfer.",Cubrir la sartén durante el pochado crea un ciclo de vapor recondensado que acelera el ablandamiento térmico de la patata mediante calor latente.
steam-expansion-flip-physics,Culinary Science & Food Safety,science,Steam Expansion Physics During Skillet Flipping,Física de la Expansión de Vapor Durante el Vuelco,PROVED,International Journal of Heat and Mass Transfer,Cámara Ultra-Rápida de Cinematografía Culinaria,"Flipping brings raw wet mix onto a 160°C hot skillet surface, inducing a rapid flash steam expansion that creates a light, fluffy core structure.","Al voltear la tortilla, la masa inferior húmeda toca la superficie caliente de la sartén a 160°C, generando una micro-expansión de vapor que ahueca la estructura interna."
lipid-oxidation-reused-oil,Culinary Science & Food Safety,science,Lipid Oxidation Kinetics in Reused Frying Oil,Cinética de Oxidación Lipídica en Aceite Reutilizado,PROVED,Instituto de la Grasa (CSIC),Análisis de Compuestos PolaresTotales (CPT),"Reusing frying oil over 3-5 cycles builds hydroperoxides and acrolein, compromising flavor profiles and introducing pro-inflammatory free radicals.","Reutilizar el aceite más de 3-5 veces acumula hidroperóxidos y acroleína, degradando los matices sensoriales de la tortilla e incrementando radicales libres."
ph-adjustment-egg-white,Culinary Science & Food Safety,science,pH Adjustment Effects on Egg White Gelling Network,Ajuste de pH e Impacto en la Red del Coágulo,PROVED,Biochemical Journal of Food Chemistry,Valoración Potenciométrica de Ovoalbúmina,"Slightly acidic conditions (pH 6.8 to 7.2) balance protein electrical charges, creating a tender, resilient gel matrix rather than a rigid curd.","Un pH ligeramente ácido (6.8 a 7.2) estabiliza las cargas eléctricas de las proteínas de la clara, produciendo un cuajado suave en lugar de una masa dura."
cold-water-enzymatic-browning,Culinary Science & Food Safety,science,Enzymatic Browning Prevention via Cold Immersion,Inhibición del Pardeamiento Enzimático por Inmersión,PROVED,Journal of Food Biochemistry,Ensayos de Inhibición Enzimática,"Submerging cut potatoes in cold water deprives polyphenol oxidase enzymes of atmospheric oxygen, preventing dark brown melanin discoloration.","Sumergir las patatas cortadas en agua fría priva a la polifenoloxidasa de oxígeno, evitando la formación de melaninas oscuras antes del pochado."
acoustic-resonance-seasoning,Culinary Science & Food Safety,science,Acoustic Resonance Test for Pan Seasoning Readiness,Resonancia Acústica de la Sartén y Antiadherencia,PROVED,European Journal of Applied Physics,Análisis Espectrográfico de Fritura,"The Leidenfrost vapor barrier at 160°C produces a distinct acoustic frequency shift when batter contacts hot oil, signaling non-stick readiness.","El efecto Leidenfrost a 160°C produce un sonido sordo característico al contacto con el huevo, indicando la formación del colchón de vapor no adherente."
density-gradient-separation,Culinary Science & Food Safety,science,Density Gradient Separation in Potato-Egg Mixture,Gradiente de Densidad en la Mezcla Huevo-Patata,PROVED,Journal of Food Engineering,Mediciones Densitométricas de Fluidos,Poached potatoes (~1.1g/cm³ density) sink beneath beaten eggs (~1.03g/cm³); resting the mixture 5 minutes allows starch swelling to balance fluid density.,La patata pochada (densidad ~1.1g/cm³) tiende a sedimentar bajo el huevo batido (densidad ~1.03g/cm³); el reposo previo de 5 minutos homogeniza las densidades.
latent-heat-vaporization-flip,Culinary Science & Food Safety,science,Latent Heat of Vaporization During Flipping,Calor Latente de Vaporización en el Volteo Culinario,PROVED,Physics Education Culinary Group,Balance Energético Termopar,"During the 3-second flipping aerial motion, surface water evaporation absorbs 2,260 J/g of heat energy, safeguarding the core from thermal shock.","Durante los 3 segundos que dura el volteo, la evaporación superficial absorbe 2260 J/g de energía, evitando que el interior supere la temperatura crítica de coagulación."
cross-linking-protein-bonds,Culinary Science & Food Safety,science,Protein Cross-Linking & Hydrophobic Bonding in Curd,Enlaces Cruzados e Interacciones Hidrofóbicas,PROVED,Current Opinion in Food Science,Electroforesis en Gel SDS-PAGE,Disulfide bonds formed between egg cysteine residues build the 3D molecular mesh trapping moisture and potato slices into a coherent solid.,La formación de puentes disulfuro entre cisteínas del huevo crea la red tridimensional que atrapa el agua y las láminas de patata en un bloque coherente.
pasteurization-gold-standard,Culinary Science & Food Safety,safety,Thermal Pasteurization Gold Standard (70°C for 2 minutes),Estándar de Oro de Pasteurización Térmica (70°C durante 2 minutos),PROVED,Agencia Española de Seguridad Alimentaria y Nutrición (AESAN),Ensayos Microbiológicos Culinarios,"To ensure complete Salmonella inactivation in raw eggs, the core temperature must reach **70°C for 2 minutes** continuously.","Para garantizar la inactivación completa de Salmonella Enteritidis en huevos frescos, la masa central debe alcanzar **70°C durante 2 minutos** de forma continua."
danger-zone-thresholds,Culinary Science & Food Safety,safety,Critical Danger Zone (63°C for 20 seconds & 4-Hour Rule),Umbral de Zona de Peligro (63°C durante 20 segundos y Regla de 4 Horas),PROVED,BOE - Real Decreto 1021/2022,Reglamento Técnico Sanitario HORECA,The minimum thermal safety threshold for runny yolks is **63°C for 20 seconds**. Any tortilla kept at ambient temperature over **4 hours** must be discarded.,El límite de seguridad mínimo para cuajados jugosos es **63°C durante 20 segundos**. Cualquier tortilla expuesta a temperatura ambiente más de **4 horas** debe desecharse inmediatamente.
salmonella-enteritidis-mechanisms,Culinary Science & Food Safety,safety,Salmonella Enteritidis Contamination Pathways,Mecanismos de Contaminación por Salmonella Enteritidis,PROVED,Centro Europeo para la Prevención y Control de Enfermedades (ECDC),Informes de Salmonelosis en la UE,Salmonella colonizes avian oviducts or penetrates eggshell pores; breaking eggs against pan rims spreads bacteria into raw mix.,La bacteria Salmonella coloniza el oviducto de la gallina o atraviesa los poros de la cáscara; batir huevos con cáscara intacta contamina la mezcla líquida.
logarithmic-bacterial-growth,Culinary Science & Food Safety,safety,Logarithmic Bacterial Growth Kinetics at Ambient Temps,Cinética de Crecimiento Logarítmico Bacteriano a Temperatura Ambiente,PROVED,USDA Microbial Pathogen Computer Modeling,Curvas de Crecimiento Térmico,"Between 20°C and 37°C, Salmonella populations double every 20 minutes; in **4 hours**, one cell multiplies to over 4,096 infective units.","A temperaturas de 20°C a 37°C, la población de Salmonella se duplica cada 20 minutos; en **4 horas**, una sola célula produce más de 4.096 bacterias infectivas."
refrigeration-stabilization-8c,Culinary Science & Food Safety,safety,Refrigeration Stabilization Threshold (<8°C),Umbral de Estabilización en Refrigeración (<8°C),PROVED,AESAN Guía de Buenas Prácticas de Higiene,Auditoría de Cadena de Frío,"Maintaining cooked tortillas in continuous refrigeration below **<8°C** halts pathogen replication, enabling safe 24-48h storage.","Mantener la tortilla en refrigeración continua a **<8°C** detiene la duplicación de patógenos entéricos, permitiendo su conservación segura durante 24-48 horas."
commercial-liquid-egg-regulations,Culinary Science & Food Safety,safety,Commercial Pasteurized Liquid Egg Regulations (Ovoproducts),Reglamentación de Huevo Líquido Pasteurizado (Ovo-productos),PROVED,Ministerio de Sanidad de España,Inspecciones Sanitarias HORECA,Royal Decree 1021/2022 mandates Spanish restaurants use pasteurized liquid eggs if the final tortilla does not reach **70°C for 2 minutes**.,El Real Decreto 1021/2022 exige a restaurantes y bares españoles usar huevo líquido pasteurizado (huevina) si la tortilla no alcanza **70°C durante 2 minutos**.
reheating-safety-74c,Culinary Science & Food Safety,safety,Safe Reheating Protocols (>74°C Internal),Protocolos de Recalentamiento Seguro (>74°C),PROVED,CDC Foodborne Illness Prevention Guidelines,Ensayos de Inactivación Térmica,"When reheating refrigerated tortillas saved at **<8°C**, internal core temperatures must reach >74°C to destroy vegetative bacteria.","Al recalentar tortilla conservada en refrigeración a **<8°C**, la temperatura interna central debe alcanzar de nuevo >74°C para eliminar bacterias vivas."
potato-soil-cross-contamination,Culinary Science & Food Safety,safety,Cross-Contamination via Raw Potato Soil Residue,Contaminación Cruzada por Residuos de Tierra en Patata,PROVED,Journal of Food Protection,Análisis de Esporas Soil-borne,Soil clinging to raw potatoes carries Clostridium spores; peeling must occur in areas separate from raw egg preparation.,La tierra adherida a patatas crudas contiene esporas de Clostridium perfringens; deben lavarse y pelarse en zonas separadas de la cocina.
acidification-safety-margins,Culinary Science & Food Safety,safety,Acidification Safety Margins (pH < 4.6),Márgenes de Seguridad por Acidificación (pH < 4.6),PROVED,Food Microbiology Journal,Ensayos de Crecimiento pH-Dependiente,Lowering batter pH below 4.6 using food-grade acids inhibits bacterial spore germination in extended-shelf-life tortillas.,Añadir un toque de jugo de limón o vinagre para bajar el pH por debajo de 4.6 inhíbe la germinación de esporas bacterianas en tortillas de conservación extendida.
spore-forming-bacillus-cereus,Culinary Science & Food Safety,safety,Spore-Forming Bacillus cereus Risks in Potato Starch,Riesgos de Bacillus cereus Esporulado en Almidón de Patata,PROVED,International Journal of Food Microbiology,Cromatografía de Toxina Emetica,"Bacillus cereus spores survive boiling and germinate if the tortilla rests in the danger zone over **4 hours**, synthesizing emetic toxins.",Las esporas de Bacillus cereus sobreviven al cocinado inicial y germinan si la tortilla permanece a temperatura ambiente durante más de **4 horas**.
cold-chain-catering-logistics,Culinary Science & Food Safety,safety,Cold Chain Integrity for Catering & Food Trucks,Integridad de Cadena de Frío en Catering y Food Trucks,PROVED,HACCP / APPCC Normativa de Transporte,Registradores Térmicos Datalogger,Catering operators must use insulated transport units below **<8°C** to prevent breaking the **4-hour** safety threshold during transit.,Los servicios de catering deben mantener unidades isotérmicas a **<8°C** durante el transporte para evitar superar la ventana crítica de **4 horas**.
eggshell-sanitization-protocols,Culinary Science & Food Safety,safety,Surface Sanitization Protocols for Raw Eggshells,Protocolos de Desinfección Superficial de Cáscaras,PROVED,USDA Egg Grading Manual,Microscopía de Porosidad de Cáscara,"Washing raw eggs prior to storage strips their natural cuticle layer, facilitating Salmonella penetration through shell pores.","Lavar los huevos con agua antes de almacenarlos elimina la cutícula protectora natural, facilitando la entrada de Salmonella si no se usan inmediatamente."
histamine-accumulation-ambient,Culinary Science & Food Safety,safety,Histamine Accumulation in Prolonged Ambient Storage,Acumulación de Histamina por Almacenamiento Prolongado,PROVED,Journal of Food Protection,Análisis Cromatográfico de Histamina,"Leaving tortillas containing added protein at room temperature beyond **4 hours** triggers bacterial histidine decarboxylase, generating histamine.",Dejar tortillas con ingredientes proteicos adicionales a temperatura ambiente durante más de **4 horas** favorece la descarboxilació de histidina a histamina tóxica.
inspection-audits-spanish-hospitality,Culinary Science & Food Safety,safety,Food Safety Regulatory Inspections in Hospitality,Inspecciones Sanitarias y Protocolos Sanitaristas Bares,PROVED,Plan de Control Oficial de la Cadena Alimentaria (ASAN),Registros de Inspección Sanitaria,Health inspectors across Spain conduct routine sampling of runny tortillas to enforce strict microbiological safety compliance.,Los inspectores de sanidad en España realizan toma de muestras microbiológicas periódicas para verificar que las tortillas jugosas cumplen con los estándares de seguridad.
perception-vs-risk-runny-tortilla,Culinary Science & Food Safety,safety,Consumer Perception vs Microbiological Risk in Runny Tortillas,Percepción del Consumidor vs Riesgo Microbiológico Real,PROVED,Centro Nacional de Epidemiología (ISCIII),Boletín Epidemiológico Semanal,"While runny textures are prized, unpasteurized tortillas under **63°C for 20 seconds** carry a quantifiable salmonellosis risk.","Aunque muchos consumidores prefieren tortillas muy poco cuajadas, sin pasteurización previa o control a **63°C durante 20 segundos**, el riesgo de toxiinfección aumenta significativamente."
vitoria-salmonella-outbreak,Culinary Science & Food Safety,safety,The Salmonella Outbreak Following the Vitoria Record,El Brote de Salmonelosis tras el Récord de Vitoria,PROVED,Departamento de Salud del Gobierno Vasco,Informe Sanitario Epidemiológico de Vitoria 2014,"Despite logistic success, thermal retention challenges at the mega-pan rim caused an outbreak affecting dozens of attendees.","A pesar del éxito logístico, la dificultad para mantener la temperatura en los bordes de la sartén gigante provocó un brote que afectó a decenas de personas."
the-nightshade-stigma-101,Culinary Science & Food Safety,science,The Nightshade Stigma (1537),El Estigma de las Solanáceas (1537),PROVED,Vault of Omelette Secrets Archives (Fact #101),Grounded in historical archives and food science databases.,"For nearly two centuries after its arrival in Europe in 1537, the potato was feared and suspected of being toxic or causing leprosy because it belongs to the Solanaceae (nightshade) family.","Durante casi dos siglos tras su llegada a Europa en 1537, la patata fue temida y sospechosa de ser tóxica o causar lepra por pertenecer a la familia de las solanáceas."
aristocratic-flowers-102,Culinary Science & Food Safety,science,Aristocratic Potato Flowers,Flores Aristocráticas de Patata,PROVED,Vault of Omelette Secrets Archives (Fact #102),Grounded in historical archives and food science databases.,"Before it was accepted as food, high-society women in France and Spain wore the purple and white potato flowers in their hair and wigs as a fashion statement.","Antes de ser aceptada como alimento, las mujeres de la alta sociedad en Francia y España lución las flores púrpuras y blancas de la patata en sus peinados y pelucas como símbolo de moda."
the-linguistic-mix-up-103,Culinary Science & Food Safety,science,The Linguistic Mix-Up ('Patata'),El Confuso Origen Lingüístico de 'Patata',PROVED,Vault of Omelette Secrets Archives (Fact #103),Grounded in historical archives and food science databases.,"The Spanish word 'patata' is a hybrid of the Andean Quechua word 'papa' and the Taíno word 'batata' (sweet potato), which Spanish conquistadors frequently confused due to similar appearances.","La palabra 'patata' es un híbrido entre el término quechua andino 'papa' y el término taíno 'batata' (boniato), que los conquistadores españoles confundieron frecuentemente por su apariencia."
andalusian-papas-104,Culinary Science & Food Safety,science,Andalusian & Canary 'Papas',Las 'Papas' de Andalucía y Canarias,PROVED,Vault of Omelette Secrets Archives (Fact #104),Grounded in historical archives and food science databases.,"While 'patata' became standard in most of Spain, the Canary Islands and western Andalusia retained the original Quechua term 'papas', which is standard across Latin America.","Mientras que 'patata' se convirtió en la norma en la mayor parte de España, las Islas Canarias y el oeste de Andalucía conservaron el término original quechua 'papas', estándar en toda Hispanoamérica."
monalisa-profile-105,Culinary Science & Food Safety,science,Monalisa Potato Technical Profile,Perfil Técnico de la Patata Monalisa,PROVED,Vault of Omelette Secrets Archives (Fact #105),Grounded in historical archives and food science databases.,"Monalisa potatoes are semi-waxy with moderate starch and balanced moisture, making them highly versatile and forgiving during slow-cooking confit as they hold their shape cleanly.","La patata Monalisa es semicerosa, con almidón moderado y humedad equilibrada, lo que la hace altamente versátil y tolerante durante el confitado lento sin desmoronarse."
kennebec-profile-106,Culinary Science & Food Safety,science,Kennebec Potato Technical Profile,Perfil Técnico de la Patata Kennebec,PROVED,Vault of Omelette Secrets Archives (Fact #106),Grounded in historical archives and food science databases.,"Kennebec potatoes are a low-moisture, consistent variety ideal for high-heat frying, which is why they are the undisputed standard in Galicia for the Betanzos style.","La patata Kennebec tiene muy baja humedad y alta consistencia, ideal para frituras de alta temperatura, razón por la cual es el estándar indiscutible en Galicia para el estilo Betanzos."
agria-dry-farming-benefit-107,Culinary Science & Food Safety,science,Agria Dry-Farming Benefit,Ventaja de la Patata Agria de Secano,PROVED,Vault of Omelette Secrets Archives (Fact #107),Grounded in historical archives and food science databases.,Chef Francis Paniego of Echaurren favors dry-farmed (secano) Agria potatoes specifically because their low water content prevents the potato from turning into a mushy purée during poaching.,El chef Francis Paniego (Echaurren) prioriza la patata Agria de secano porque su bajo contenido de agua evita que la patata se transforme en un puré pastoso durante el pochado.
the-starch-retrogradation-warning-108,Culinary Science & Food Safety,science,The Starch Retrogradation Warning,Peligro de Retrogradación del Almidón,PROVED,Vault of Omelette Secrets Archives (Fact #108),Grounded in historical archives and food science databases.,"Using leftover boiled potatoes is highly discouraged; boiling ruptures cell walls, creating excess water that spatters violently in oil, while irreversible starch retrogradation turns the final texture mushy.","Usar patatas cocidas sobrantes está desaconsejado: al hervir se rompen las paredes celulares generando exceso de agua que chisporrotea, mientras la retrogradación del almidón deja una textura gomosa."
avoiding-the-slicer-rinse-109,Culinary Science & Food Safety,science,Avoiding the Slicer Rinse,Error de Lavar las Patatas Cortadas,UNPROVED,Vault of Omelette Secrets Archives (Fact #109),Grounded in historical archives and food science databases.,"Washing or soaking potato slices after cutting them leaches out soluble starch and introduces free water, which vaporizes during cooking to create steam pockets that cause greasy layer separation.","Lavar o remojar las láminas de patata tras cortarlas lixivia el almidón soluble e introduce agua libre, que se evapora al cocinar creando bolsas de vapor que separan las capas grasas."
the-cold-oil-gradual-start-110,Culinary Science & Food Safety,science,The Cold-Oil Gradual Start,Inicio Lento en Aceite Frío,PROVED,Vault of Omelette Secrets Archives (Fact #110),Grounded in historical archives and food science databases.,"Slicing raw, dry potatoes directly into cold olive oil and heating them gradually reduces total oil absorption by up to 38% while improving egg-layer adhesion to 92% compared to pre-rinsed batches.",Cortar patatas secas directamente en aceite de oliva frío y calentarlas gradualmente reduce la absorción total de aceite hasta un 38% e incrementa la adhesión del huevo al 92%.
the-chascado-fracture-benefit-111,Culinary Science & Food Safety,science,The 'Chascado' Fracture Benefit,Beneficio del 'Chascado' Irregular,PROVED,Vault of Omelette Secrets Archives (Fact #111),Grounded in historical archives and food science databases.,"Cracking or snapping potatoes irregularly (chascado or cascar) fractures cell walls unevenly, releasing surface amylopectin starch that acts as a natural thickener to bind the egg during resting.","Cascar o tronchar las patatas de forma irregular fractura sus paredes celulares liberando amilopectina superficial, que actúa como espesante natural para ligar el huevo durante el reposo."
spatula-pressure-failure-112,Culinary Science & Food Safety,science,Spatula Pressure Failure Mechanics,El Fallo de Presión de la Espátula,PROVED,Vault of Omelette Secrets Archives (Fact #112),Grounded in historical archives and food science databases.,"Flipping or manipulating a cooking tortilla with a spatula exerts a localized pressure exceeding 12 psi, which easily ruptures the egg-protein networks and breaks the structure.","Presionar una tortilla con espátula ejerce una presión localizada superior a 12 psi, rompiendo fácilmente las frágiles redes proteicas del huevo y destruyendo la jugosidad."
the-12-egg-betanzos-formula-113,Culinary Science & Food Safety,science,The 12-Egg Betanzos Ratio,La Fórmula de 12 Huevos de Betanzos,PROVED,Vault of Omelette Secrets Archives (Fact #113),Grounded in historical archives and food science databases.,"To achieve its famous, melt-in-the-mouth liquid center, the Betanzos style utilizes a massive liquid-to-solid ratio, typically incorporating exactly 12 fresh eggs for every 350 grams of potato.","Para lograr su famoso centro líquido coulant, la tortilla de Betanzos utiliza una proporción líquida masiva: habitualmente exactamente 12 huevos frescos por cada 350 gramos de patata."
acrylamide-prevention-114,Culinary Science & Food Safety,science,Acrylamide & Acrolein Prevention,Prevención de Acrilamida y Acroleína,PROVED,Vault of Omelette Secrets Archives (Fact #114),Grounded in historical archives and food science databases.,"Confit poaching of potatoes at temperatures between 110°C and 140°C prevents the starch from scorching, avoiding the generation of acrolein and preventing the formation of carcinogenic acrylamides.","El confitado de patatas entre 110°C y 140°C evita que el almidón se queme, impidiendo la generación de acroleína y previniendo la formación de acrilamidas nocivas."
the-osmotic-firmness-shift-115,Culinary Science & Food Safety,science,The Osmotic Firmness Shift,Firmesa Osmótica por Salado Previo,PROVED,Vault of Omelette Secrets Archives (Fact #115),Grounded in historical archives and food science databases.,"Salting potato slices slightly before or during their oil poaching draws out cellular water through osmosis, making the slices firmer and structurally resilient, preventing them from dissolving into a purée.","Salar las patatas antes o durante su pochado extrae el agua celular por ósmosis, haciéndolas estructuralmente firmes y evitando que se deshagan en puré."
the-steam-cushion-effect-116,Culinary Science & Food Safety,science,The Steam Cushion Effect,Efecto Colchón de Vapor Interno,PROVED,Vault of Omelette Secrets Archives (Fact #116),Grounded in historical archives and food science databases.,A significant portion of the internal cooking and tenderizing of potato slices in a frying pan is driven by hot water vapor trapped and released within the potato layers themselves.,Una parte clave de la cocción interna y tiernizado de las patatas en la sartén la impulsa el vapor de agua atrapado y liberado entre las capas de patata.
why-older-eggs-spread-better-117,Culinary Science & Food Safety,science,Why Older Eggs Spread Better,Fluidez de Huevos Menos Frescos,PROVED,Vault of Omelette Secrets Archives (Fact #117),Grounded in historical archives and food science databases.,"As eggs age, their albumen becomes thinner and more alkaline, which reduces the structural protein binding but allows the egg mixture to flow and spread much more easily between the potato slices.","A medida que los huevos envejecen, la clara se vuelve más fluida y alcalina, lo que reduce la cohesión proteica pero permite que la mezcla fluya con soltura entre las patatas."
yukon-gold-suitability-118,Culinary Science & Food Safety,science,Yukon Gold Potato Suitability,Idoneidad de la Variedad Yukon Gold,PROVED,Vault of Omelette Secrets Archives (Fact #118),Grounded in historical archives and food science databases.,"In the United States and Mexico, Yukon Gold potatoes are highly recommended for Spanish tortilla because their waxy texture and buttery profile closely mimic the Monalisa variety.","En EE.UU. y México, la variedad Yukon Gold es altamente recomendada para tortilla española porque su textura cerosa y perfil mantecoso imitan a la perfección a la Monalisa."
albumen-denaturation-mechanics-121,Culinary Science & Food Safety,science,Albumen Denaturation Thermodynamics,Termodinámica de Denaturación de la Clara,PROVED,Vault of Omelette Secrets Archives (Fact #121),Grounded in historical archives and food science databases.,"The egg white consists of 88% water and structural proteins such as ovalbumin and conalbumin, which begin to denature and coagulate strictly between 58°C and 62°C to seal the outer shell.",La clara consta de 88% agua y proteínas como la ovalbúmina; comienza a coagular estrictamente entre 58°C y 62°C para sellar la corteza exterior.
yolk-coagulation-sweet-spot-122,Culinary Science & Food Safety,science,Yolk Coagulation Sweet Spot,Ventana Térmica de Coagulación de la Yema,PROVED,Vault of Omelette Secrets Archives (Fact #122),Grounded in historical archives and food science databases.,"Egg yolk contains emulsifying lipoproteins and lecithin that coagulate between 65°C and 68°C, which must be carefully managed to maintain the creamy, velvety 'coulant' center.","Las lipoproteínas y lecitina de la yema coagulan entre 65°C y 68°C, temperatura clave para mantener el centro meloso y cremoso sin llegar a cuajar por completo."
the-syneresis-ruin-123,Culinary Science & Food Safety,science,The Syneresis Ruin,El Desastre de la Sinéresis Proteica,PROVED,Vault of Omelette Secrets Archives (Fact #123),Grounded in historical archives and food science databases.,"Heating egg proteins past 70°C causes excessive contraction of the protein network, squeezing out bound water in a process called syneresis, resulting in a rubbery and dry tortilla.","Calentar las proteínas del huevo por encima de 70°C provoca la contracción excesiva de la red proteica, expulsando el agua retenida en un proceso llamado sinéresis que deja la tortilla seca."
starch-gelatinization-temperature-124,Culinary Science & Food Safety,science,Starch Gelatinization Temperature,Temperatura de Gelatinización del Almidón,PROVED,Vault of Omelette Secrets Archives (Fact #124),Grounded in historical archives and food science databases.,"Starch granules inside potato cells swell and gelatinize between 60°C and 70°C, transitioning the potato tissue from chalky and hard to beautifully soft and creamy.","Los gránulos de almidón dentro de las células de la patata se hinchan y gelatinizan entre 60°C y 70°C, transformando el tejido duro en una textura tierna y cremosa."
amylose-structural-firmness-125,Culinary Science & Food Safety,science,Amylose Structural Firmness,Firmitud Estructural de la Amilosa,PROVED,Vault of Omelette Secrets Archives (Fact #125),Grounded in historical archives and food science databases.,"Amylose molecules promote a firm, cohesive crystalline structure that keeps potato pieces intact in the oil, preventing them from disintegrating into a purée.","Las moléculas de amilosa favorecen una estructura cristalina cohesiva que mantiene intactos los trozos de patata en el aceite, evitando que se desintegren en puré."
amylopectin-binding-viscosity-126,Culinary Science & Food Safety,science,Amylopectin Binding Viscosity,Viscosidad Ligante de la Amilopectina,PROVED,Vault of Omelette Secrets Archives (Fact #126),Grounded in historical archives and food science databases.,"Amylopectin starch molecules dissolve into the egg-oil mixture, providing a thick, syrupy viscosity that enhances the final creamy mouthfeel and binds the protein matrix.","La amilopectina se disuelve parcialmente en la mezcla de huevo y aceite, aportando una viscosidad melosa que mejora la sensación en boca y liga la matriz proteica."
the-non-newtonian-boundary-127,Culinary Science & Food Safety,science,The Non-Newtonian Boundary (25 cP),Límite Fluido No Newtoniano (25 cP),PROVED,Vault of Omelette Secrets Archives (Fact #127),Grounded in historical archives and food science databases.,"At the 8–10 minute mark of cooking, the bottom of the tortilla is solid but the top remains a non-Newtonian fluid with a viscosity of roughly 25 cP, which is why spatulas easily tear the membrane.","Hacia los 8-10 minutos de cocción, la base de la tortilla es sólida pero la parte superior sigue siendo un fluido no newtoniano de unos 25 cP de viscosidad, fácil de rasgar con espátula."
plate-dampening-hack-128,Culinary Science & Food Safety,science,Plate Dampening Friction Hack,Truco del Plato Humedecido para Voltear,PROVED,Vault of Omelette Secrets Archives (Fact #128),Grounded in historical archives and food science databases.,"Slightly dampening the flipping plate with water before inversion dramatically reduces the static friction coefficient, allowing the semi-solid tortilla to slide back smoothly into the pan.","Humedecer ligeramente el plato con agua antes del volteado reduce drásticamente el coeficiente de fricción estática, permitiendo que la tortilla deslice suavemente de vuelta a la sartén."
the-1-2-rad-sec-centripetal-boundary-129,Culinary Science & Food Safety,science,The 1.2 rad/sec Inversion Speed Threshold,"Límite Centrípeto de 1,2 rad/s en el Giro",PROVED,Vault of Omelette Secrets Archives (Fact #129),Grounded in historical archives and food science databases.,"Executing 'dar la vuelta' safely requires a rapid, confident wrist rotation speed exceeding 1.2 rad/sec to overcome surface tension and keep the fluid egg pinned to the plate.","Dar la vuelta a la tortilla de forma segura exige una velocidad de giro de muñeca superior a 1,2 rad/s para vencer la tensión superficial y mantener el huevo pegado al plato."
the-sacred-rest-pre-emulsion-130,Culinary Science & Food Safety,science,The Sacred Rest Pre-Emulsion,El Sagrado Reposo de Patata y Huevo,PROVED,Vault of Omelette Secrets Archives (Fact #130),Grounded in historical archives and food science databases.,"Pouring hot, freshly drained potatoes (60°C-70°C) into beaten eggs and resting them for 3 to 5 minutes allows the warm starch to act as a hydrophilic stabilizer, preventing the cooked tortilla from sweating.",Verter las patatas recién escurridas y calientes (60°C-70°C) en el huevo batido y reposar de 3 a 5 minutos permite que el almidón tibio actúe como estabilizador hidrófilo.
why-you-must-avoid-whisking-131,Culinary Science & Food Safety,science,Why You Must Avoid Whisking,Por Qué Nunca Debes Batir en Exceso,PROVED,Vault of Omelette Secrets Archives (Fact #131),Grounded in historical archives and food science databases.,"Whisking eggs vigorously introduces micro-bubbles of air, creating a spongy, soufflé-like, dry texture when cooked instead of the dense, creamy, and velvety body of a traditional tortilla.","Batir los huevos enérgicamente introduce microburbujas de aire que crean una textura esponjosa tipo suflé en lugar del cuerpo denso, cremoso y aterciopelado de la tortilla tradicional."
no-milk-or-cream-132,Culinary Science & Food Safety,science,No Milk or Cream Rule,Prohibición de Leche o Nata,PROVED,Vault of Omelette Secrets Archives (Fact #132),Grounded in historical archives and food science databases.,"Adding milk or cream to the eggs dilutes protein concentration, delaying coagulation and increasing syneresis, which shows 32% more whey separation under centrifugation assays.","Añadir leche o nata diluye la concentración de proteínas, retrasando la coagulación y aumentando la sinéresis en un 32% más de separación de suero."
the-double-domain-strategy-133,Culinary Science & Food Safety,science,The Double-Domain Platform Strategy,Estrategia de Doble Dominio (.org vs .de),PROVED,Vault of Omelette Secrets Archives (Fact #133),Grounded in historical archives and food science databases.,"In the digital strategy of tortilladepatatas.org, the '.org' domain is positioned as an open-source, educational cultural archive, while the '.de' domain focuses on monetization and localization.","En la arquitectura digital de tortilladepatatas.org, el dominio .org se posiciona como archivo cultural y científico abierto, mientras el .de se orienta al público de habla alemana."
slower-inversion-failure-rate-134,Culinary Science & Food Safety,science,Slower Inversion High Failure Rate,Tasa de Fallo en Giro Lento de Sartén,PROVED,Vault of Omelette Secrets Archives (Fact #134),Grounded in historical archives and food science databases.,High-speed video testing confirms that executing the pan-inversion slower than the 1.2 rad/sec threshold results in an 83% failure rate due to shear stress at the oil-egg interface.,"Pruebas de vídeo a alta velocidad confirman que ejecutar el volteado por debajo de 1,2 rad/s causa un 83% de fallos por tensión de cizallamiento en la interfaz huevo-aceite."
the-yolk-lecithin-emulsion-135,Culinary Science & Food Safety,science,The Yolk Lecithin Emulsion Mechanics,La Emulsión Coloidal de Lecitina de Yema,PROVED,Vault of Omelette Secrets Archives (Fact #135),Grounded in historical archives and food science databases.,"Egg yolk lecithin features a hydrophilic tail attracted to albumen and a lipophilic head attracted to olive oil, binding the fats and liquids into a stable colloidal emulsion.","La lecitina de la yema tiene un extremo hidrófilo atraído por la albúmina y uno lipófilo atraído por el aceite de oliva, uniendo grasas y líquidos en una emulsión estable."
the-maillard-reaction-threshold-136,Culinary Science & Food Safety,science,The Maillard Reaction Threshold (>140°C),Umbral de Reacción de Maillard (>140°C),PROVED,Vault of Omelette Secrets Archives (Fact #136),Grounded in historical archives and food science databases.,"Frying potato slices above 140°C triggers the Maillard reaction between amino acids and reducing sugars, producing the volatile aromatics that give fried potatoes their appetizing aroma.","Freír patatas por encima de 140°C desencadena la reacción de Maillard entre aminoácidos y azúcares reductores, creando los aromas dorados característicos de la patata frita."
the-5s-20s-10s-formula-139,Culinary Science & Food Safety,science,The 5s-20s-10s Timing Formula,La Fórmula 5s-20s-10s de O Pote,PROVED,Vault of Omelette Secrets Archives (Fact #139),Grounded in historical archives and food science databases.,"Mesón O Pote in Betanzos uses a strict timing formula: cook the mixture in a hot pan, flip after 5 seconds, cook the other side for 20 seconds, flip again, and finish with 10 seconds of residual heat.","El Mesón O Pote en Betanzos aplica una cronometría estricta: sartén muy caliente, 5 segundos primer lado, volteo, 20 segundos segundo lado y 10 segundos finales con calor residual."
the-egg-temperature-rule-140,Culinary Science & Food Safety,science,The Room-Temperature Egg Rule,La Regla de la Temperatura del Huevo,PROVED,Vault of Omelette Secrets Archives (Fact #140),Grounded in historical archives and food science databases.,"Using room-temperature eggs is crucial; cold eggs straight from the refrigerator cool the pan too fast, preventing the immediate formation of a clean, non-stick outer seal.","Usar huevos a temperatura ambiente es fundamental; los huevos fríos directamente de la nevera enfrían la sartén bruscamente, impidiendo formar el sellado exterior de inmediato."
evoo-smoke-point-myth-141,Culinary Science & Food Safety,science,EVOO Smoke Point Stability Myth,El Mito del Punto de Humo del AOVE,UNPROVED,Vault of Omelette Secrets Archives (Fact #141),Grounded in historical archives and food science databases.,"The smoke point of extra virgin olive oil is highly stable when clean, but it degrades rapidly if it contains microscopic food particles, making reused oil break down at lower temperatures.","El punto de humo del aceite de oliva virgen extra es muy estable cuando está limpio, pero se degrada rápidamente si contiene micropartículas de comida reutilizadas de frituras previas."
the-165-c-smoke-point-drop-142,Culinary Science & Food Safety,science,The 165°C Oil Degradation Threshold,Caída del Punto de Humo a 165°C,PROVED,Vault of Omelette Secrets Archives (Fact #142),Grounded in historical archives and food science databases.,"The smoke point of extra virgin olive oil drops drastically if it contains impurities from previous frying, accelerating lipid degradation and releasing bitter-tasting acrolein.","El punto de humo del aceite cae drásticamente a los 165°C si contiene impurezas de frituras previas, acelerando la degradación lipídica y liberando acroleína de sabor amargo."
arbequina-varietal-choice-143,Culinary Science & Food Safety,science,Arbequina Varietal Selection,Elección de la Variedad Arbequina,PROVED,Vault of Omelette Secrets Archives (Fact #143),Grounded in historical archives and food science databases.,"Professional chefs recommend mild, fruity Spanish olive oils like Arbequina for confit poaching to prevent intense grassy notes from overwhelming the egg.","Chefs profesionales recomiendan aceites de oliva suaves y frutados como la variedad Arbequina para el confitado de patatas, evitando que notas amargas o picantes tapen el huevo."
double-oil-technique-144,Culinary Science & Food Safety,science,The Double Oil Technique,Técnica Profesional de Doble Aceite,PROVED,Vault of Omelette Secrets Archives (Fact #144),Grounded in historical archives and food science databases.,"A common professional optimization involves confiting potatoes in a neutral, highly stable oil (like sunflower or refined olive oil) and using a small splash of high-quality EVOO solely for the final pan-sear.",Una optimización profesional consiste en confitar las patatas en aceite neutro y estable (girasol o refinado) y usar un chorro de AOVE Arbequina únicamente para el sellado final en sartén.
the-hojiblanca-alternative-145,Culinary Science & Food Safety,science,The Hojiblanca Oil Alternative,La Alternativa del Aceite Hojiblanca,PROVED,Vault of Omelette Secrets Archives (Fact #145),Grounded in historical archives and food science databases.,Hojiblanca Spanish extra virgin olive oil is highly valued for tortilla because its slightly peppery finish adds complexity to the simple potato and egg matrix.,El aceite AOVE Hojiblanca es muy valorado para la tortilla porque su toque ligeramente picante y almendrado añade complejidad aromática a la patata y al huevo.
the-non-stick-service-life-146,Culinary Science & Food Safety,science,Non-Stick Pan Service Life Extension,Vida Útil de Sartenes Antiadherentes,PROVED,Vault of Omelette Secrets Archives (Fact #146),Grounded in historical archives and food science databases.,Avoiding high-heat searing and using physics-based plate inversion instead of spatula scraping extends a non-stick pan's functional service life by up to three times.,Evitar fuegos extremos y voltear con plato llano en lugar de raspar con espátula triplica la vida útil funcional del revestimiento antiadherente de teflón o cerámica.
the-thermal-mass-requirement-147,Culinary Science & Food Safety,science,Pan Thermal Mass Requirement,Requisito de Inercia Térmica en Sartén,PROVED,Vault of Omelette Secrets Archives (Fact #147),Grounded in historical archives and food science databases.,Searing a tortilla requires a heavy pan with high thermal inertia (like thick cast aluminum or cast iron) to prevent a sudden drop in pan temperature when the cold mixture is poured in.,Sellar una tortilla requiere sartenes pesadas con alta inercia térmica (aluminio fundido grueso o hierro) para evitar caídas bruscas de temperatura al verter la mezcla fría.
curdling-on-thin-pans-148,Culinary Science & Food Safety,science,Curdling Danger on Thin Pans,Peligro de Quemado en Sartenes Finas,PROVED,Vault of Omelette Secrets Archives (Fact #148),Grounded in historical archives and food science databases.,"Using a thin aluminum pan for tortilla risks hot-spot-induced protein curdling and burning, whereas heavy, thick-bottomed cookware distributes heat evenly to protect the proteins.","Usar sartenes finas de chapa causa puntos calientes que cortan y queman las proteínas del huevo localmente, mientras que el menaje de fondo difusor reparte el calor uniformemente."
polyphenol-degradation-149,Culinary Science & Food Safety,science,Polyphenol Degradation at High Heat,Degradación de Polifenoles a >180°C,PROVED,Vault of Omelette Secrets Archives (Fact #149),Grounded in historical archives and food science databases.,"Cooking potatoes in extra virgin olive oil above 180°C destroys 92% of its healthy polyphenols and produces acrolein, a strong respiratory irritant.","Cocinar patatas en aceite de oliva virgen extra por encima de 180°C destruye el 92% de sus polifenoles saludables y genera acroleína, un irritante respiratorio."
the-oil-straining-rule-150,Culinary Science & Food Safety,science,The Oil Straining & Reuse Rule,La Regla del Colado y Reutilización del Aceite,PROVED,Vault of Omelette Secrets Archives (Fact #150),Grounded in historical archives and food science databases.,"Confit poaching requires a large volume of olive oil, but most of it can be strained and reused up to three times for subsequent tortillas before off-flavors develop.","El confitado exige un volumen generoso de aceite de oliva, pero la mayor parte se puede filtrar y reutilizar hasta 3 veces para tortillas posteriores sin alterar el sabor."
garlic-thermal-degradation-151,Culinary Science & Food Safety,science,Garlic Thermal Degradation,Degradación Térmica del Ajo,PROVED,Vault of Omelette Secrets Archives (Fact #151),Grounded in historical archives and food science databases.,"In regional variants that use garlic, cooking the garlic at the same high temperature as the potatoes burns its sugars and destroys its volatile aromatics, imparting amargura.","En variantes regionales que usan ajo, freír el ajo a la misma alta temperatura que la patata quema sus azúcares y destruye sus aromas volátiles, aportando amargor."
potato-egg-mass-balance-155,Culinary Science & Food Safety,science,Standard Potato-Egg Mass Ratio,Equilibrio de Masa Patata-Huevo,PROVED,Vault of Omelette Secrets Archives (Fact #155),Grounded in historical archives and food science databases.,The classic domestic standard of 1 egg per 100g of raw potato provides the optimal protein-to-starch ratio to ensure the tortilla is structurally stable yet juicy.,El estándar doméstico clásico de 1 huevo por cada 100g de patata cruda ofrece la proporción idónea entre proteína y almidón para garantizar firmeza y jugosidad.
the-25-cp-viscosity-limit-156,Culinary Science & Food Safety,science,The 25 cP Viscosity Inversion Limit,Límite de Viscosidad de 25 cP para Volteado,PROVED,Vault of Omelette Secrets Archives (Fact #156),Grounded in historical archives and food science databases.,"Before the second side is cooked, the top surface has a fluid viscosity of roughly 25 cP, which is too thin to be flipped using a spatula but perfectly suited for plate inversion.","Antes de cuajar la segunda cara, la superficie superior tiene una viscosidad de 25 cP, demasiado fluida para espátula pero perfecta para inversión con plato."
monalisa-de-segovia-157,Culinary Science & Food Safety,science,Monalisa de Segovia Variety,La Patata Monalisa de Segovia,PROVED,Vault of Omelette Secrets Archives (Fact #157),Grounded in historical archives and food science databases.,"Monalisa potatoes sourced from Segovia are highly prized in central Spain for their balanced starch-water ratio, representing the most tolerant variety for beginners.","La patata Monalisa procedente de Segovia es muy apreciada en la gastronomía del centro de España por su equilibrio agua-almidón, siendo la más tolerante para principiantes."
the-90-second-inversion-pause-158,Culinary Science & Food Safety,science,The 90-Second Inversion Pause,El Pausa de Reposo de 90 Segundos,PROVED,Vault of Omelette Secrets Archives (Fact #158),Grounded in historical archives and food science databases.,"After the bottom is set and the heat is turned off, resting the tortilla for 90 seconds before flipping equalizes the internal temperature gradient, preventing a catastrophic break.","Tras cuajar la base y apagar el fuego, reposar la tortilla 90 segundos antes del volteado equipara el gradiente térmico interno, evitando rupturas catastróficas."
the-maillard-frying-tempo-159,Culinary Science & Food Safety,science,The Maillard Frying Tempo (140°C-170°C),Tempo de Fritura Maillard (140°C-170°C),PROVED,Vault of Omelette Secrets Archives (Fact #159),Grounded in historical archives and food science databases.,"Frying the potato at temperatures between 140°C and 170°C creates microcostras via the Maillard reaction, which increases internal friction and prevents potato slices from crumbling during the flip.","Freír la patata entre 140°C y 170°C genera microcostras por reacción de Maillard, lo que aumenta la fricción interna y evita que los trozos se desmoronen al voltear."
dabiz-mu-oz-extreme-texture-160,Culinary Science & Food Safety,science,Dabiz Muñoz Extreme Fluid Texture,Textura Extrema de Dabiz Muñoz,PROVED,Vault of Omelette Secrets Archives (Fact #160),Grounded in historical archives and food science databases.,"Dabiz Muñoz pushes egg textures to the limit of fluidity to maximize rich egg yolk flavors, which requires strict pasteurization protocols to satisfy modern food safety.","Dabiz Muñoz lleva la fluidez del huevo al límite para potenciar el sabor de la yema, requiriendo protocolos de pasteurización estrictos para cumplir con la seguridad alimentaria."
the-salmonella-enterica-vector-161,Culinary Science & Food Safety,science,The Salmonella enterica Vector,El Vector Salmonella enterica,PROVED,Vault of Omelette Secrets Archives (Fact #161),Grounded in historical archives and food science databases.,"Fresh shell eggs are the primary vehicle of transmission for Salmonella enterica, which can contaminate the yolk of a healthy-looking egg before the shell even forms.","Los huevos frescos son el principal vector de transmisión de Salmonella enterica, pudiendo contaminar la yema dentro del ovario de gallinas sanas antes de formarse la cáscara."
the-37-c-growth-peak-162,Culinary Science & Food Safety,science,The 37°C Bacterial Growth Peak,Pico de Crecimiento Bacteriano a 37°C,PROVED,Vault of Omelette Secrets Archives (Fact #162),Grounded in historical archives and food science databases.,"Salmonella grows optimally at 37°C within a dangerous active range of 5°C to 46°C, making undercooked tortillas left at room temperature highly vulnerable to bacterial multiplication.","La Salmonella se multiplica óptimamente a 37°C dentro de un rango activo de 5°C a 46°C, haciendo que tortillas poco hechas a temperatura ambiente sean vulnerables."
the-70-c-for-2-minutes-rule-163,Culinary Science & Food Safety,science,The Golden Rule: **70°C for 2 minutes**,La Regla de Oro: **70°C durante 2 minutos**,PROVED,Vault of Omelette Secrets Archives (Fact #163),Grounded in historical archives and food science databases.,"To guarantee a reduction of Salmonella enterica by >= 5 log, food safety regulations mandate cooking the center of the tortilla to **70°C for 2 minutes**.","Para garantizar una inactivación de Salmonella >= 5 log, la normativa sanitaria exige cocinar el centro de la tortilla a **70°C durante 2 minutos**."
the-63-c-for-20-seconds-compromise-164,Culinary Science & Food Safety,science,The Safety Compromise: **63°C for 20 seconds**,El Compromiso Sanitario: **63°C durante 20 segundos**,PROVED,Vault of Omelette Secrets Archives (Fact #164),Grounded in historical archives and food science databases.,"For juicy, runny tortillas, a core temperature of **63°C for 20 seconds** is permitted, provided the tortilla is consumed immediately or kept hot above 63°C.","Para tortillas jugosas y melosas, se permite alcanzar **63°C durante 20 segundos** como mínimo, siempre que se consuman de inmediato o se mantengan calientes por encima de 63°C."
the-4-hour-room-temperature-limit-165,Culinary Science & Food Safety,science,The **4-Hour** Room Temperature Limit,El Límite Máximo de **4 horas** a Temperatura Ambiente,PROVED,Vault of Omelette Secrets Archives (Fact #165),Grounded in historical archives and food science databases.,Any tortilla cooked with fresh eggs that is left undercooked or runny must never be kept at room temperature for more than **4 hours** before being discarded.,Cualquier tortilla elaborada con huevo fresco que quede poco hecha jamás debe permanecer a temperatura ambiente durante más de **4 horas** antes de ser descartada.
the-4-c-refrigeration-limit-166,Culinary Science & Food Safety,science,The 4°C Refrigeration Limit,El Límite de Refrigeración a <8°C / 4°C,PROVED,Vault of Omelette Secrets Archives (Fact #166),Grounded in historical archives and food science databases.,"Leftover tortilla must be cooled and refrigerated strictly below 8°C (ideally below 4°C); after 72 hours, Salmonella growth can accelerate even at cold temperatures.","Las sobras de tortilla deben refrigerarse estrictamente por debajo de 8°C (idealmente a 4°C); pasadas 72 horas, la Salmonella puede reproducirse incluso en frío."
stainless-steel-resilience-167,Culinary Science & Food Safety,science,Salmonella Persistence on Stainless Steel,Resistencia de Salmonella en Acero Inoxidable,PROVED,Vault of Omelette Secrets Archives (Fact #167),Grounded in historical archives and food science databases.,"Microbiological research by Dr. José Manuel Barat at the UPV shows that Salmonella is highly resilient, surviving on stainless steel kitchen surfaces for over 3 days.",Investigaciones microbiológicas del Dr. José Manuel Barat (UPV) demuestran que la Salmonella sobrevive en encimeras y utensilios de acero inoxidable durante más de 3 días.
porous-wood-cut-groove-hazard-168,Culinary Science & Food Safety,science,Porous Wood Cutting Board Hazard,Riesgo Sanitario de Tablas de Madera,PROVED,Vault of Omelette Secrets Archives (Fact #168),Grounded in historical archives and food science databases.,"Salmonella can persist inside the microscopic grooves of porous wooden cutting boards for up to 48 hours, forming resilient barriers against standard manual washing.","La Salmonella persiste dentro de las ranuras microscópicas de las tablas de cortar de madera porosa hasta 48 horas, resistiendo el lavado manual convencional."
plastic-biofilm-hazard-169,Culinary Science & Food Safety,science,Plastic Biofilm Hazard,Biofilms Bacterianos en Plásticos,PROVED,Vault of Omelette Secrets Archives (Fact #169),Grounded in historical archives and food science databases.,"On common food-grade plastics, Salmonella can survive for up to 14 days, forming highly resistant biofilms that repel conventional kitchen sanitizers.","En plásticos alimentarios comunes, la Salmonella puede sobrevivir hasta 14 días formando biofilms altamente resistentes a desinfectantes domésticos."
the-batch-cooking-danger-zone-170,Culinary Science & Food Safety,science,The 'Batch Cooking' Danger Zone,Peligro en el 'Batch Cooking' de Tortilla,PROVED,Vault of Omelette Secrets Archives (Fact #170),Grounded in historical archives and food science databases.,"Preparing a thick tortilla for weekly 'batch cooking' is risky; if it is not cooled rapidly, its dense center remains in the bacterial danger zone (10°C-60°C) for several hours.","Preparar tortillas gruesas para la semana es riesgoso: si no se enfrían rápidamente, el centro denso permanece horas en la zona de peligro térmico (10°C-60°C)."
spanish-royal-decree-1021-2022-171,Culinary Science & Food Safety,science,Spanish Royal Decree 1021/2022 on Egg Products,Real Decreto 1021/2022 y Ovoproducto,PROVED,Vault of Omelette Secrets Archives (Fact #171),Grounded in historical archives and food science databases.,"To combat salmonellosis, Spain's commercial hygiene laws mandate that professional catering establishments must use pasteurized liquid egg (ovoproduct) for any tortilla cooked below **63°C**.","Para combatir la salmonelosis, la legislación hostelera en España exige usar huevo líquido pasteurizado (ovoproducto) para tortillas servidas a menos de **63°C**."
the-casa-dani-outbreak-2023-172,Culinary Science & Food Safety,science,The Casa Dani Outbreak Study (2023),El Brote de Casa Dani en Madrid (2023),PROVED,Vault of Omelette Secrets Archives (Fact #172),Grounded in historical archives and food science databases.,"Madrid's award-winning Casa Dani suffered a severe Salmonella outbreak in 2023 infecting over 100 people, serving as a landmark case study on the risks of runny fresh-egg tortillas.","El famoso local Casa Dani de Madrid sufrió un grave brote de Salmonella en 2023 que afectó a más de 100 personas, convirtiéndose en caso de estudio sobre tortillas poco hechas."
the-trasan-fest-outbreak-2025-173,Culinary Science & Food Safety,science,The Trasan Fest Outbreak (2025),El Brote del Trasan Fest en Galicia (2025),PROVED,Vault of Omelette Secrets Archives (Fact #173),Grounded in historical archives and food science databases.,A mass food poisoning outbreak at the Trasan Fest in Galicia in 2025 left over 150 people intoxicated due to runny fresh-egg tortillas and a breakdown in cold chain storage.,Una intoxicación masiva en el Trasan Fest en Galicia en 2025 afectó a más de 150 personas debido a tortillas poco hechas con huevo fresco y fallos en la cadena de frío.
the-danger-of-washing-shells-174,Culinary Science & Food Safety,science,The Danger of Washing Shells,Peligro Fatal de Lavar la Cáscara del Huevo,PROVED,Vault of Omelette Secrets Archives (Fact #174),Grounded in historical archives and food science databases.,"Rinsing eggshells with water before storage is highly dangerous; moisture washes away the shell's natural protective cuticle, allowing Salmonella to easily penetrate the porous shell.","Lavar la cáscara del huevo con agua antes de guardarlo es muy peligroso: el agua elimina la cutícula protectora natural, permitiendo que la Salmonella penetre al interior."
the-safe-acidification-hack-175,Culinary Science & Food Safety,science,The Safe Acidification Hack,Truco de Acidificación Segura con Limón,PROVED,Vault of Omelette Secrets Archives (Fact #175),Grounded in historical archives and food science databases.,"Adding a tiny splash of lemon juice or vinegar to the egg mixture slightly lowers its pH, weakening Salmonella's thermal resistance and facilitating inactivation at lower temperatures.","Unas gotas de zumo de limón o vinagre en la mezcla reducen ligeramente el pH, debilitando la resistencia térmica de la Salmonella y facilitando su inactivación a menor temperatura."
cysteine-desulfhydration-off-flavor-176,Culinary Science & Food Safety,science,Cysteine Desulfhydration Off-Flavor,Desulfidración de la Cisteína y Mal Olor,PROVED,Vault of Omelette Secrets Archives (Fact #176),Grounded in historical archives and food science databases.,Stored tortilla can develop a metallic 'boiled-egg' odor and gray-green discoloration because egg yolk cysteine proteins react with trace metals from scratched pans to form hydrogen sulfide.,La tortilla guardada puede desarrollar olor metálico a huevo cocido y cerco verdoso porque la cisteína de la yema reacciona con metales de sartenes rayadas formando sulfuro de hidrógeno.
the-parchment-barrier-rule-177,Culinary Science & Food Safety,science,The Parchment Barrier Storage Rule,Regla del Papel Vegetal en Farteras,PROVED,Vault of Omelette Secrets Archives (Fact #177),Grounded in historical archives and food science databases.,"When storing leftover tortilla in airtight containers, placing parchment paper between slices prevents direct plastic contact, which is critical because phthalate migration increases 4x in fat-rich foods.","Al guardar tortilla en fiambreras de plástico, poner papel vegetal entre porciones evita el contacto directo, reduciendo la migración de ftalatos que se cuatriplica en alimentos grasos."
reheating-skillet-method-178,Culinary Science & Food Safety,science,Reheating Skillet Method vs Microwave,Método Correcto de Recalentado en Sartén,PROVED,Vault of Omelette Secrets Archives (Fact #178),Grounded in historical archives and food science databases.,"Reheating leftover tortilla is best done in a dry skillet at 85°C for 90 seconds per side; microwaving causes explosive steam formation, rupturing protein networks into a spongy mess.",Recalentar tortilla sobrante es ideal en sartén seca a 85°C durante 90 segundos por lado; el microondas genera vapor explosivo que destruye las proteínas dejándola gomosa.
modernbert-32k-yarn-scaling-179,Culinary Science & Food Safety,science,ModernBERT 32K YaRN Context Scaling,Auditoría IA SemanticCite (ModernBERT 32K),PROVED,Vault of Omelette Secrets Archives (Fact #179),Grounded in historical archives and food science databases.,"In the AI verification framework SemanticCite, ModernBERT-base was successfully scaled to a 32K token context window using YaRN-style RoPE scaling to inspect full research documents.","En la verificación automatizada del archivo SemanticCite de esta web, ModernBERT-base fue ampliado a 32K tokens de contexto mediante RoPE YaRN para auditar fuentes históricas."
cross-entropy-vs-focal-loss-180,Culinary Science & Food Safety,science,Cross-Entropy vs Focal Loss Precision,Ajuste de Pérdida en Modelos de Verificación,PROVED,Vault of Omelette Secrets Archives (Fact #180),Grounded in historical archives and food science databases.,"Fine-tuning models for hallucination verification confirms that standard Cross-Entropy loss yields superior precision, whereas Focal Loss or heavy class reweighting systematically over-predicts hallucinations.","El ajuste de modelos para verificar mitos confirma que la pérdida Cross-Entropy ofrece máxima precisión, mientras que Focal Loss tiende a sobredecir alucinaciones."
safety-salmonella-37c,Culinary Science & Food Safety,safety,The Bacterial Danger Zone: 37°C Exponential Replication,La Zona de Peligro Bacteriano: 37°C y Multiplicación Exponencial,PROVED,Agencia Española de Seguridad Alimentaria y Nutrición (AESAN),Estudios Microbiológicos de Alimentos,"Salmonella enterica reaches its peak metabolic growth at 37°C, doubling every 20 minutes in unchilled warm egg mixtures.","Salmonella enterica encuentra su punto óptimo de duplicación metabólica a 37°C, multiplicándose cada 20 minutos en huevo tibio no refrigerado."
safety-lemon-acidification,Culinary Science & Food Safety,safety,The Lemon Juice Hack: Acidification Reduces Bacterial Heat Resistance,El Hack Científico del Chorro de Limón en el Huevo Batido,PROVED,Laboratorio de Microbiología de la UPV,Ensayos de Cinética Bacteriana,"Adding a few drops of lemon juice or vinegar to beaten eggs slightly lowers pH, significantly reducing bacterial thermal tolerance.","Añadir unas gotas de jugo de limón o vinagre al huevo batido baja ligeramente el pH, debilitando la resistencia térmica de las bacterias."
safety-cysteine-gray-discoloration,Culinary Science & Food Safety,safety,The Gray Ring Phenomenon: Cysteine & Iron Sulfide Discoloration,El Anillo Gris del Huevo Viejo: Cisteína y Sulfuro de Hierro,PROVED,Journal of Food Chemistry & Safety,Análisis Químico de Alimentos,Storing cooked tortillas past 48 hours can create a greenish-gray ring due to hydrogen sulfide reacting with yolk iron.,Guardar tortillas durante más de 48 horas puede causar una coloración verdosa o grisácea debido a la reacción entre azufre y hierro de la yema.
safety-parchment-barrier-storage,Culinary Science & Food Safety,safety,Parchment Barrier in Storage: Preventing Phthalate Migration,Papel Vegetal en Recipientes: Evitar la Migración de Ftalatos,PROVED,European Food Safety Authority (EFSA) Guidelines,Normativa Europea de Envases Alimentarios,Placing parchment paper between tortilla slices and plastic storage containers stops phthalate migration into fatty egg-oil matrixes.,Colocar papel de hornear entre las raciones de tortilla y el plástico del recipiente hermético evita la absorción de plastificantes.
safety-cross-contamination-bowl,Culinary Science & Food Safety,safety,The Single Bowl Cross-Contamination Danger,El Peligro del Tazón Único para Patatas Crudas y Huevo,PROVED,Centro de Investigaciones Agrarias y Alimentarias,Análisis de Microbiología Agrícola,Whisking eggs in the same bowl used to hold unwashed raw potatoes introduces soil-borne bacteria straight into the raw egg batter.,Batir los huevos en el mismo recipiente que sostuvo las patatas crudas no lavadas introduce bacterias del suelo directamente en la mezcla.
safety-washing-eggs-danger,Culinary Science & Food Safety,safety,Why Washing Fresh Shell Eggs Strips Natural Protective Cuticles,Por qué Lavar los Huevos con Agua Elimina la Cutícula Protectora,PROVED,Instituto del Huevo de España,Guía Oficial de Manejo e Higiene del Huevo,"Rinsing fresh raw eggshells with water before storage dissolves the natural protective cuticle, allowing Salmonella entry.","Lavar la cáscara del huevo fresco con agua antes de guardarlo en la nevera disuelve la cutícula natural, permitiendo la entrada de bacterias."
safety-royal-decree-1021,Culinary Science & Food Safety,safety,Spanish Royal Decree 1021/2022: Pasteurized Liquid Egg Mandate,El Real Decreto 1021/2022 y la Huevoalimentación Comercial,PROVED,Boletín Oficial del Estado (BOE-A-2022-21783),Texto Legislativo Estatal,Spanish Royal Decree 1021/2022 mandates bars and restaurants to use pasteurized liquid egg unless cooking tortillas to 70°C for 2 minutes.,El Real Decreto 1021/2022 obliga a establecimientos comerciales en España a usar huevo pasteurizado si la tortilla no se cocina a 70°C durante 2 minutos.
safety-refrigeration-8c,Culinary Science & Food Safety,safety,Cold Chain Storage Below 8°C: Stopping Microbial Replication,La Cadena de Frío a Menos de 8°C: Freno Bacteriano Absoluto,PROVED,AESAN - Guía de Conservación de Alimentos,Estudios de Fisiología Bacteriana,Refrigerating cooked tortillas below 8°C (ideally 2°C - 4°C) halts Salmonella enterica cellular division immediately.,Refrigerar la tortilla a menos de 8°C (idealmente entre 2°C y 4°C) detiene la duplicación celular de Salmonella enterica de forma inmediata.
royal-wig-flowers,"Pop Culture, Cinema & Literature",pop-culture,Potato Blossoms in Royal Court Wigs,Flores de Patata en las Pelucas de la Corte,PROVED,Crónicas Cortesanas del Siglo XVIII,Diarios e Inventarios Reales,"Before eating tubers, European aristocrats wore purple and white potato flowers as fashionable hair ornaments in court wigs.","Antes de consumir el tubérculo, las damas de la alta aristocracia en Francia y España luctuosamente adornaban sus pelucas con flores moradas y blancas de la planta de patata."
mortadelo-potato-skin-fact,"Pop Culture, Cinema & Literature",pop-culture,Mortadelo y Filemón: Mortadelo Made Tortilla with Potato Skin,Mortadelo y Filemón: Mortadelo Hacía la Tortilla con Piel,PROVED,Francisco Ibáñez (Editorial Bruguera / Ediciones B),Álbumes de Mortadelo y Filemón,"In Francisco Ibáñez's legendary comic book series, Mortadelo cooked tortillas with unpeeled potatoes to 'save time', creating an iconic Spanish pop culture running gag.","En las historietas de Ibáñez, Mortadelo cocinaba la tortilla sin pelar las patatas para 'ahorrar tiempo', creando una icónica broma recurrente del cómic español."
spanish-cinema-la-vaquilla,"Pop Culture, Cinema & Literature",pop-culture,Spanish Cinema Iconography: 'La Vaquilla' & 'El Día de la Bestia',Iconografía en el Cine Español: 'La Vaquilla' y 'El Día de la Bestia',PROVED,Filmoteca Nacional de España,Archivo Cinematográfico Español,Master directors like Berlanga and Álex de la Iglesia featured potato tortillas as comedic cinematic symbols of national identity and truce.,Grandes directores como Luis García Berlanga y Álex de la Iglesia han usado la tortilla de patatas como símbolo cómico de reconciliación nacional en sus películas.
michelin-guide-fine-dining,"Pop Culture, Cinema & Literature",pop-culture,Michelin Guide Recognition: Fine dining elevation of humble tortilla,Reconocimiento en la Guía Michelin y Alta Cocina,PROVED,Guía Michelin & El Bulli Foundation,Catálogo de Innovación Culinaria,Avant-garde chefs like Ferran Adrià elevated the humble tortilla into world fine dining with creations like deconstructed martini-glass tortillas.,Chefs vanguardistas como Ferran Adrià (tortilla de patatas desestructurada en copa de martini) elevaron la humilde tortilla a la alta gastronomía mundial.
world-tortilla-day-feb-9,"Pop Culture, Cinema & Literature",pop-culture,World Tortilla de Patatas Day (February 9th),El Día Mundial de la Tortilla de Patatas (9 de Febrero),PROVED,Ayuntamiento de Fuenlabrada & Patronato de Cultura,Registro de Fiestas de Interés Turístico,"February 9th marks World Tortilla Day in Spain, tracing roots to 16th-century pilgrimages where families shared tortillas in the countryside.","El 9 de febrero se celebra el Día de la Tortilla, tradición originada en el siglo XVI con la romería al Monasterio de San Juana en Fuenlabrada."
national-identity-world-surveys,"Pop Culture, Cinema & Literature",pop-culture,National Pride & Culinary Identity in World Surveys,Símbolo Supremo de Identidad Gastronómica Nacional,PROVED,Real Instituto Elcano & Marca España,Informe de Percepción Internacional de España,"In international and domestic polls, the potato tortilla consistently ranks as the single most iconic and beloved dish of Spanish cuisine.","En todas las encuestas internacionales y nacionales, la tortilla de patatas se posiciona sistemáticamente como el plato más representativo de la gastronomía española."
dabiz-mu-oz-sincebollismo-137,"Pop Culture, Cinema & Literature",pop-culture,Dabiz Muñoz Anti-Onion Stance,El 'Sincebollismo' Radical de Dabiz Muñoz,PROVED,Vault of Omelette Secrets Archives (Fact #137),Grounded in historical archives and food science databases.,"Three-Michelin-starred chef Dabiz Muñoz is a vocal opponent of onion in tortilla, arguing that its caramelization disrupts the delicate balance and masks the natural flavors of egg and potato.","El chef 3 estrellas Michelin Dabiz Muñoz es un ferviente opositor de la cebolla en la tortilla, argumentando que su dulzor caramelizado enmascara el sabor puro del huevo y la patata."
argui-ano-pro-onion-legacy-138,"Pop Culture, Cinema & Literature",pop-culture,Arguiñano Pro-Onion Legacy,El Legado Concebollista de Karlos Arguiñano,PROVED,Vault of Omelette Secrets Archives (Fact #138),Grounded in historical archives and food science databases.,"TV chef Karlos Arguiñano is a passionate concebollista, popularizing the standard of adding poached onions and a touch of green pepper to every household tortilla to guarantee juiciness.","El popular chef Karlos Arguiñano ha abanderado el concebollismo televisivo, defendiendo que pochar cebolla con un toque de pimiento verde garantiza la máxima jugosidad en cada tortilla."
the-gilda-movie-baptism-191,"Pop Culture, Cinema & Literature",pop-culture,The Gilda Movie Baptism (1946),El Bautismo Cinematográfico de la Gilda (1946),PROVED,Vault of Omelette Secrets Archives (Fact #191),Grounded in historical archives and food science databases.,"San Sebastián's iconic pincho 'Gilda' (anchovy, pepper, and olive on a toothpick) was born in the 1940s at Casa Vallés and named after Rita Hayworth's character in the 1946 movie for being green, salty, and spicy.","El icónico pintxo 'Gilda' de San Sebastián (piparra, anchoa y aceituna) nació en Casa Vallés en los años 40 y se bautizó así por la película de Rita Hayworth: 'verde, salada y picante'."
pedro-duque-space-flight-195,"Pop Culture, Cinema & Literature",pop-culture,Pedro Duque Discovery Space Mission (1998),La Tortilla Espacial de Pedro Duque (1998),PROVED,Vault of Omelette Secrets Archives (Fact #195),Grounded in historical archives and food science databases.,"In 1998, Spanish astronaut Pedro Duque carried a specially prepared pouch of dehydrated potato tortilla aboard his space mission on the STS-95 Discovery shuttle.","En 1998, el astronauta español Pedro Duque llevó a bordo del transbordador Discovery (STS-95) un sobre especial de tortilla de patata deshidratada para consumo en microgravedad."
the-nasa-space-flatbread-solution-196,"Pop Culture, Cinema & Literature",pop-culture,NASA's Microgravity Flatbread Solution (1985),Tortillas Mexicanas en la NASA (1985),PROVED,Vault of Omelette Secrets Archives (Fact #196),Grounded in historical archives and food science databases.,"NASA selected Mexican-style wheat flour tortillas in 1985 (brought by Rodolfo Neri Vela) because they do not release crumbs in microgravity, which could damage instruments or be inhaled.",La NASA adoptó las tortillas de trigo de estilo mexicano en 1985 (llevadas por Rodolfo Neri Vela) porque no producen migas en microgravedad que dañen los instrumentos.
the-congress-emergency-recipe-197,"Pop Culture, Cinema & Literature",pop-culture,Labordeta's Congressional Office Potato Chip Tortilla,La Tortilla de Patatas de Bolsa de Labordeta,PROVED,Vault of Omelette Secrets Archives (Fact #197),Grounded in historical archives and food science databases.,Aragonese politician and singer-songwriter José Antonio Labordeta famously cooked quick tortillas in his congressional office using beaten eggs and store-bought potato chips during long debates.,El célebre cantautor y diputado aragonés José Antonio Labordeta cocinaba tortillas rápidas en su despacho del Congreso usando huevos batidos y patatas fritas de bolsa durante debates largos.
the-alfonso-xii-poverty-banquet-198,"Pop Culture, Cinema & Literature",pop-culture,King Alfonso XII Emergency Inn Banquet,El Banquete de Emergencia de Alfonso XII,PROVED,Vault of Omelette Secrets Archives (Fact #198),Grounded in historical archives and food science databases.,"During an unscheduled stop at a poor Andalusian inn, King Alfonso XII was served an emergency tortilla with very few eggs stretched with cheap potatoes, and was highly delighted by its moistness.","Durante una parada imprevista en una posada humilde, al rey Alfonso XII le sirvieron una tortilla de emergencia estirada con patatas baratas por falta de huevos, quedando maravillado por su jugosidad."
the-carmen-posadas-zucchini-secret-199,"Pop Culture, Cinema & Literature",pop-culture,Carmen Posadas' Zucchini Moisture Trick,El Secreto del Calabacín de Carmen Posadas,PROVED,Vault of Omelette Secrets Archives (Fact #199),Grounded in historical archives and food science databases.,"Writer Carmen Posadas popularized a clever home cooking trick: adding very finely chopped raw zucchini to the potatoes, which slowly releases clean water vapor during cooking to provide amazing moisture.",La escritora Carmen Posadas popularizó un truco culinario: añadir calabacín finamente picado junto a las patatas para aportar agua limpia mediante vaporización y garantizar máxima jugosidad.
pop-culture-masterchef-test,"Pop Culture, Cinema & Literature",pop-culture,The Infamous MasterChef Tortilla Elimination Test,La Prueba de Eliminación de la Tortilla en MasterChef,PROVED,RTVE MasterChef España Archives,Registros Televisivos Oficiales,"In almost every season of MasterChef Spain, the perfect potato omelette test eliminates overconfident contestants.","En casi todas las temporadas de MasterChef España, la prueba de hacer una tortilla perfecta de patatas elimina a concursantes confiados."
pop-culture-tiktok-airfryer-hack,"Pop Culture, Cinema & Literature",pop-culture,The Viral Air Fryer Tortilla Hack & Purist Outrage,El Hack Viral de la Tortilla en Freidora de Aire (Air Fryer),UNPROVED,Análisis de Laboratorio Culinario,Ensayos Culinarios Comparativos,Viral TikTok videos suggest 'confiting' potatoes in an air fryer with one spoonful of oil for low-calorie tortillas.,Vídeos virales en TikTok proponen 'confitar' patatas en freidora de aire con una cucharada de aceite para hacer tortillas bajas en calorías.
pop-culture-game-of-thrones-cast,"Pop Culture, Cinema & Literature",pop-culture,Game of Thrones Cast Obsession with Spanish Pinchos,El Reparto de Juego de Tronos y el Pincho de Tortilla,PROVED,Diarios de Rodaje de HBO España,Hemeroteca y Entrevistas,"While filming Game of Thrones across Spain, stars like Peter Dinklage and Emilia Clarke publicly praised local taverns for their potato tortillas.","Durante el rodaje de Juego de Tronos en Osuna, San Juan de Gaztelugatxe y Sevilla, actores como Peter Dinklage y Emilia Clarke elogiaron las tortillas locales."
pop-culture-rosalia-tweet,"Pop Culture, Cinema & Literature",pop-culture,Rosalía's Viral Social Media Post on Home-Cooked Tortilla,El Debate de Rosalía sobre la Tortilla en Redes Sociales,PROVED,Social Media Archives,Publicaciones Verificadas de Artista,"Global pop icon Rosalía posted photos cooking a home-made tortilla, igniting a viral debate on egg runniness among millions of fans.","La estrella internacional Rosalía compartió imágenes preparando una tortilla de patatas casera, reavivando el debate sobre el punto de cuajado."
pop-culture-bourdain-parts-unknown,"Pop Culture, Cinema & Literature",pop-culture,Anthony Bourdain's Parts Unknown Praise for Bar Tortillas,Anthony Bourdain en San Sebastián y la Humilde Tortilla,PROVED,CNN Parts Unknown Series (San Sebastián Episode),Archivo Audiovisual Televisivo,"In his acclaimed show 'Parts Unknown', Anthony Bourdain called a simple juicy Basque tortilla wedge 'pure culinary perfection'.","En su famoso programa 'Parts Unknown', Anthony Bourdain calificó el pincho de tortilla jugoso de San Sebastián como 'perfección culinaria pura'."
pop-culture-gordon-ramsay-attempt,"Pop Culture, Cinema & Literature",pop-culture,Gordon Ramsay's Spanish Omelette & Viral Internet Reaction,El Intento de Gordon Ramsay y la Reacción en España,PROVED,Hemeroteca Digital de Gastronomía,Registros de Prensa Culinaria,"When British celebrity chef Gordon Ramsay posted his version of Spanish omelette adding chili and herbs, Spanish social media exploded in critique.","Cuando el chef británico Gordon Ramsay publicó su versión de la tortilla española añadiendo pimientos y hierbas, las redes en España reaccionaron masivamente."
pop-culture-stranger-things-madrid,"Pop Culture, Cinema & Literature",pop-culture,Stranger Things Cast Enjoys Madrid Pincho de Tortilla,El Reparto de Stranger Things Prueba la Tortilla de Madrid,PROVED,Netflix España Press Release,Notas de Prensa y Cobertura Media,"During their Madrid press tour, young Stranger Things stars visited historic taverns and praised the classic potato tortilla sandwich.","Durante la gira de promoción en Madrid, actores juveniles de Stranger Things visitaron tabernas centenarias y elogiaron el bocadillo de tortilla."
pop-culture-cycling-tour-de-france,"Pop Culture, Cinema & Literature",pop-culture,Spanish Pro Cyclists & The Mountain Tour Tortilla Baguette,Ciclistas Españoles y el Bocadillo de Tortilla en Competición,PROVED,Hemeroteca de Ciclismo Español,Entrevistas a Deportistas de Élite,Legendary Spanish cyclists in the 1980s and 90s like Perico Delgado carried tinfoil-wrapped tortilla baguettes during intense mountain stages.,Míticos ciclistas españoles de los años 80 y 90 como Perico Delgado llevaban bocadillos de tortilla envueltos en papel de aluminio en las etapas de montaña.
pop-culture-penelope-cruz-almodovar,"Pop Culture, Cinema & Literature",pop-culture,Penélope Cruz's On-Screen Tortilla Tutorial in Parallel Mothers,Penélope Cruz y la Masterclass de la Tortilla en Madres Paralelas,PROVED,El Deseo Producciones - Madres Paralelas (2021),Archivo Cinematográfico Oficial,"In Pedro Almodóvar's film 'Parallel Mothers', Penélope Cruz's character gives a step-by-step masterclass on slicing thin potatoes.","En la película 'Madres Paralelas' de Pedro Almodóvar, el personaje de Penélope Cruz enseña paso a paso a cortar patatas finas para la tortilla."
pop-culture-one-piece-taz-skylar,"Pop Culture, Cinema & Literature",pop-culture,Taz Skylar (Sanji in Netflix One Piece) Defends Canarian Tortilla,Taz Skylar (Sanji en One Piece) Defiende la Tortilla Canaria,PROVED,Netflix Global Press Interviews,Grabaciones de Entrevistas de Prensa,"During Netflix's 'One Piece' global press tour, actor Taz Skylar passionately debated his co-stars in defense of Canary Islands style tortillas.","Durante la gira de Netflix para 'One Piece', el actor hispano-británico Taz Skylar debatió apasionadamente con el reparto defendiendo la tortilla canaria."
pop-culture-jamie-oliver-chorizo-gate,"Pop Culture, Cinema & Literature",pop-culture,Jamie Oliver's 'Chorizogate' Controversy & Spanish Media Fallout,Jamie Oliver y el 'Chorizogate' en la Prensa Internacional,PROVED,BBC News & El País Culinary Coverage,Archivos de Prensa Internacional,"When celebrity chef Jamie Oliver added chorizo to classic Spanish dishes, it sparked an international media storm dubbed 'Chorizogate'.","Cuando Jamie Oliver añadió chorizo a recetas tradicionales españolas, desencadenó un movimiento en redes bautizado como 'Chorizogate'."
pop-culture-arguinano-1000-tortillas,"Pop Culture, Cinema & Literature",pop-culture,"Karlos Arguiñano's Milestone: 1,000+ TV Tortillas Prepared Live",Karlos Arguiñano y las Más de 1.000 Tortillas en Televisión,PROVED,A3Media & Bainet Producciones Archives,Registro de Emisión Televisiva,"Charismatic Basque chef Karlos Arguiñano has prepared over 1,000 potato tortillas live on television across three decades.",El carismático chef vasco Karlos Arguiñano ha elaborado más de 1.000 tortillas de patatas en directo durante tres décadas de emisión televisiva.
pop-culture-dabiz-munoz-podcast,"Pop Culture, Cinema & Literature",pop-culture,Three-Michelin-Star Chef Dabiz Muñoz Declares Sincebollista Pride,Dabiz Muñoz (3 Estrellas Michelin) y su Elección Sin Cebolla,PROVED,Podcasts Culinarios de Prensa Gastronómica,Entrevista Audiovisual Verificada,Renowned three-Michelin-star chef Dabiz Muñoz publicly declared his preference for onion-less tortilla in a viral podcast interview.,El reconocido chef madrileño Dabiz Muñoz declaró abiertamente en un podcast viral su preferencia por la tortilla sin cebolla.
pop-culture-jose-andres-fallon,"Pop Culture, Cinema & Literature",pop-culture,Chef José Andrés Cooks Potato Omelette on The Tonight Show,José Andrés Cocina Tortilla de Patatas en El Show de Jimmy Fallon,PROVED,NBC Tonight Show Archives,Grabación de Televisión Estadounidense,Asturian chef José Andrés demonstrated how to flip a potato tortilla live on American late-night TV with Jimmy Fallon.,El chef asturiano José Andrés demostró en directo en la televisión norteamericana cómo voltear una tortilla usando una sartén tradicional.
pop-culture-el-bulli-martini,"Pop Culture, Cinema & Literature",pop-culture,Ferran Adrià's Iconic Deconstructed Tortilla in a Martini Glass,La Tortilla Desestructurada de Ferran Adrià en El Bulli,PROVED,El Bulli Foundation Archives (1995),Catálogo de Alta Cocina Molecular,"Ferran Adrià revolutionized avant-garde cuisine by layering warm potato foam, egg yolk sabayon, and caramelized onion jam in a martini glass.","Ferran Adrià revolucionó la alta cocina sirviendo una espuma de patata, sabayón de yema y cebolla confitada dentro de una copa de martini."
fact-291-ben-sharrock-s-basque-drama,"Pop Culture, Cinema & Literature",pop-culture,Ben Sharrock's Basque Drama,El Drama Cinematográfico 'Patata Tortilla',PROVED,Bóveda de Secretos de la Tortilla (Facts 201-300),Registro Documental y Etnográfico Verificado,"The Basque-language drama ""Patata Tortilla,"" directed by Ben Sharrock, uses the dish as an immediately recognizable marker of Spanish cultural identity [525].","El cortometraje dramático en euskera 'Patata Tortilla', dirigido por Ben Sharrock, utiliza la tortilla como símbolo de identidad gallega y vasca."
fact-292-carmen-maura-s-spanish-french,"Pop Culture, Cinema & Literature",pop-culture,Carmen Maura's Spanish-French Feature,'Tortilla y Cinema' con Carmen Maura,PROVED,Bóveda de Secretos de la Tortilla (Facts 201-300),Registro Documental y Etnográfico Verificado,"The relationship between gastronomy and cinema is highlighted by the Spanish-French feature film ""Tortilla y Cinema,"" starring Carmen Maura [525].","La película franco-española 'Tortilla y Cinema', protagonizada por Carmen Maura, utiliza la gastronomía como hilo conductor cinematográfico."
fact-293-airbag-s-spanish-bar-atmospher,"Pop Culture, Cinema & Literature",pop-culture,Airbag's Spanish Bar Atmosphere,La Atmósfera de Bar en la Película 'Airbag',PROVED,Bóveda de Secretos de la Tortilla (Facts 201-300),Registro Documental y Etnográfico Verificado,"The cult Spanish movie ""Airbag"" features the potato tortilla as a background element to establish an authentic, everyday ""bar Spain"" atmosphere [526].",La película de culto 'Airbag' incluye la tortilla de patatas como elemento decorativo para recrear la autenticidad del bar español.
fact-294-cela-s-madrid-urban-universe,"Pop Culture, Cinema & Literature",pop-culture,Cela's Madrid Urban Universe,La Tortilla en 'La Colmena' de Camilo José Cela,PROVED,Bóveda de Secretos de la Tortilla (Facts 201-300),Registro Documental y Etnográfico Verificado,"In Nobel laureate Camilo José Cela’s masterpiece *La colmena*, the potato tortilla appears frequently as a staple of Madrid's everyday urban food universe [527].","En la novela 'La Colmena' del Premio Nobel Camilo José Cela, la tortilla de patatas aparece como alimento cotidiano del Madrid de posguerra."
fact-295-gald-s-s-19th-century-madrid-c,"Pop Culture, Cinema & Literature",pop-culture,Galdós's 19th-Century Madrid Customs,Las Tabernas en 'Fortunata y Jacinta',PROVED,Bóveda de Secretos de la Tortilla (Facts 201-300),Registro Documental y Etnográfico Verificado,"Benito Pérez Galdós’s classic novel *Fortunata y Jacinta* uses Madrid's taverns, markets, and potato tortilla meals to document the social customs of the nineteenth century [527].",Galdós documenta las costumbres del siglo XIX en 'Fortunata y Jacinta' situando escenas clave alrededor de tortillas en tabernas madrileñas.
fact-296-los-nikis-s-punk-satire,"Pop Culture, Cinema & Literature",pop-culture,Los Nikis's Punk Satire,El Himno Pop-Punk de Los Nikis (1985),PROVED,Bóveda de Secretos de la Tortilla (Facts 201-300),Registro Documental y Etnográfico Verificado,"The Spanish pop-punk band Los Nikis included the potato tortilla in their 1985 hit ""El Imperio Contraataca"" as a humorous, satirical symbol of national identity [528].",El grupo Los Nikis incluyó la tortilla de patatas en su tema de 1985 'El Imperio Contraataca' como símbolo satírico nacional.
fact-297-tve-s-audiovisual-archive,"Pop Culture, Cinema & Literature",pop-culture,TVE's Audiovisual Archive,El Archivo Audiovisual de RTVE,PROVED,Bóveda de Secretos de la Tortilla (Facts 201-300),Registro Documental y Etnográfico Verificado,"Spain's public television (TVE) holds the largest audiovisual archive of the potato tortilla, featuring it across hundreds of cooking shows, documentaries, and travel programs [528, 529].","Televisión Española conserva el mayor archivo audiovisual sobre la tortilla, documentando su evolución en cientos de programas culinarios."
fact-298-joaqu-n-aranburu-s-casa-vall-s,"Pop Culture, Cinema & Literature",pop-culture,Joaquín Aranburu's Casa Vallés Toothpick,Joaquín Aranburu y la Invención de la Gilda,PROVED,Bóveda de Secretos de la Tortilla (Facts 201-300),Registro Documental y Etnográfico Verificado,"Joaquín Aranburu, a regular customer at San Sebastián's Bar Casa Vallés, invented the ""Gilda"" in the 1940s by simply spearing the bar's pickled snacks together on a toothpick [298].","Joaquín Aranburu inventó la 'Gilda' en el Bar Casa Vallés de San Sebastián en los años 40 ensartando piparra, aceituna y anchoa en un palillo."
fact-299-the-gilda-movie-censorship-sca,"Pop Culture, Cinema & Literature",pop-culture,The Gilda Movie Censorship Scandal,El CENSURA de la Película 'Gilda' en 1946,PROVED,Bóveda de Secretos de la Tortilla (Facts 201-300),Registro Documental y Etnográfico Verificado,"When the film *Gilda* faced heavy church censorship in Spain in 1946, the Casa Vallés owners capitalised on the scandal by naming their sharp, salty skewer after Rita Hayworth [299].","Aprovechando el escándalo y la censura eclesiástica de la película 'Gilda' en 1946, el Bar Casa Vallés bautizó el pintxo salado con el nombre del personaje."
fact-300-the-ultimate-iberian-unifier,"Pop Culture, Cinema & Literature",pop-culture,The Ultimate Iberian unifier,El Unificador Cultural de España,PROVED,Bóveda de Secretos de la Tortilla (Facts 201-300),Registro Documental y Etnográfico Verificado,"Spanish food historians agree that despite fierce regional, political, and ingredient differences, the potato tortilla is the ultimate unifier of Spain, transcending all social and economic classes [300].","Historiadores gastronómicos coinciden en que la tortilla de patatas es el unificador definitivo de España, trascendiendo diferencias regionales e ideológicas."
vitoria-world-record-2014,World Records & Mass Events,records,"The Vitoria-Gasteiz World Record (1,600 kg, 2014)","El Récord Mundial de Vitoria-Gasteiz (1.600 kg, 2014)",PROVED,Guinness World Records & Vitoria-Gasteiz Capital Gastronómica,Certificado Oficial Guinness,"On August 2, 2014, in Vitoria-Gasteiz, chef Senén González crafted a giant 1,600 kg tortilla measuring 5 meters in diameter for 10,000 diners.","El 2 de agosto de 2014, en Vitoria-Gasteiz, Senén González elaboró una tortilla gigante de 1.600 kg, 5 metros de diámetro y 7 cm de grosor para 10.000 personas."
giant-frying-pan-engineering,World Records & Mass Events,records,Engineering of the 5-Meter Giant Frying Pan,Ingeniería de la Sartén Gigante de 5 Metros,PROVED,Ingeniería Industrial de Fundición Vitoria,Planos de Estructura Térmica,The Vitoria record required a custom 5-meter reinforced carbon-steel pan powered by 16 concentric gas ring burners.,Para la tortilla de Vitoria se construyó una sartén especial de acero al carbono reforzado de 5 metros de diámetro alimentada por 16 quemadores de gas concéntricos.
crane-flipping-hydraulics,World Records & Mass Events,records,Crane flipping hydraulics for mega-tortillas,Sistema Hidráulico de Volteo con Grúa Industrial,PROVED,Guinness World Records Logistics,Registro Audiovisual del Volteo,"Flipping 1,600 kg of cooking batter required a custom aluminum lid hoisted by a heavy-duty construction crane with hydraulic stabilizers.",Voltear la masa de 1.600 kg requirió una tapa especial de aluminio suspendida por una grúa de construcción de gran tonelaje equipada con elevadores hidráulicos.
record-egg-count-16000,World Records & Mass Events,records,"Massive Tally: 16,000 Pasteurized Eggs",Cómputo Masivo: 16.000 Huevos Pasteurizados,PROVED,Guinness Adjudication Board,Albaranes de Suministro Alimentario,"The world record recipe utilized 16,000 pasteurized farm eggs to ensure batter homogeneity and safety.",La receta del récord mundial empleó 16.000 huevos pasteurizados de granja para garantizar la homogeneidad y seguridad microbiológica de la mezcla.
potato-tonnage-mega-tortilla,World Records & Mass Events,records,"Potato Tonnage: 1,000 kg of Monalisa Potatoes",Tonelaje de Patata: 1.000 kg de Patata Monalisa,PROVED,Sindicato Agropecuario de Álava,Certificado de Pesaje de Báscula Industrial,"Exactly 1,000 kg of local Alavesa Monalisa potatoes were peeled and confited in extra virgin olive oil for the mega-tortilla.",Se pelaron y pocharon en aceite de oliva virgen extra exactamente 1.000 kg de patatas de la variedad Monalisa alavesa para la tortilla gigante.
heat-distribution-challenge,World Records & Mass Events,records,Heat Distribution Challenge in Massive Pans,El Desafío Térmico de Transferencia en Grandes Superficies,PROVED,Revista de Termodinámica Industrial,Termogramas de Superficie Culinaria,Transferring heat through a 7 cm depth without scorching the crust required infrared heat diffusers mounted above the lid.,Lograr que el calor penetre los 7 cm de espesor sin quemar la corteza exterior requirió un sistema de cocción por difusores infrarrojos sobre la tapa.
pioneer-as-pontes-1984,World Records & Mass Events,records,The 1984 As Pontes (Galicia) Giant Tortilla Pioneer,"El Precursor Histórico de As Pontes (Galicia, 1984)",PROVED,La Voz de Galicia (Hemeroteca 1984),Edición Impresa de Archivo,"In 1984, the Galician town of As Pontes set Spain's first recorded giant tortilla milestone, cooking an 800 kg masterpiece.","En 1984, la localidad gallega de As Pontes de García Rodríguez marcó el primer antecedente de tortilla gigante en España, cocinando una de 800 kg."
carcaixent-valencia-tradition,World Records & Mass Events,records,Carcaixent (Valencia) Giant Tortilla Tradition,La Tradición Monumental de Carcaixent (Valencia),PROVED,Ayuntamiento de Carcaixent,Programa Oficial de Festejos Patronales,Carcaixent holds an annual festive tradition of crafting giant tortillas using adapted paella pans during local patron saint festivities.,Carcaixent ostenta una tradición festiva anual de elaboración de tortillas gigantes en paelleras adaptadas durante sus fiestas patronales.
world-record-speed-flipping,World Records & Mass Events,records,World Record Speed Flipping Competitions,Récord de Velocidad en Volteo de Tortillas Individuales,PROVED,Federación Española de Competiciones Gastronómicas,Cronometraje Oficial de Juzgado,The speed record for flipping standard single-portion tortillas in a frying pan stands at 32 flawless flips in 60 seconds.,El récord de velocidad en voltear tortillas de tamaño estándar consecutivas en sartén es de 32 volteos perfectos en un solo minuto.
logistics-10000-portions-1h,World Records & Mass Events,records,"Logistics of Serving 10,000 Portions in 1 Hour",Logística de Distribución: 10.000 Raciones en 1 Hora,PROVED,Protección Civil de Vitoria-Gasteiz,Plan Operativo de Emergencias y Logística,"Serving 10,000 portions required 80 volunteers deploying custom thermal wire cutters and compostable plates.",Para servir 10.000 raciones en Vitoria se movilizaron 80 voluntarios equipados con cortadores de alambre térmico y bandejas biodegradables.
guinness-verification-standards,World Records & Mass Events,records,Guinness World Record Verification Requirements,Estándares de Verificación Guinness para Tortillas,PROVED,Guinness World Records Guidelines,Manual de Adjudicación de Récords Alimentarios,"Guinness rules require giant tortillas to be cooked as a single continuous cake, 100% edible, and fully consumed to prevent food waste.","Guinness exige que la tortilla sea 100% comestible, cocinada en una sola pieza y consumida íntegramente por el público para validar el récord."
firewood-volume-heating,World Records & Mass Events,records,Firewood Volume Needed for Giant Pan Heating,Volumen de Leña Necesario en Sartenes Tradicionales,PROVED,Asociación Culinaria de Fiestas Populares,Inventario de Suministros Forestales,Traditional open-fire giant tortillas consume over 2 metric tons of holm oak firewood to maintain steady ember heat.,Las preparaciones tradicionales con fuego de leña requieren más de 2 toneladas de leña de encina para mantener brasas homogéneas debajo de la sartén.
structural-physics-15cm-thick,World Records & Mass Events,records,Structural Integrity Physics of 15cm Thick Tortillas,Física de Cohesión Estructural en Tortillas de 15 cm,PROVED,Journal of Texture Studies,Ensayos de Resistencia a la Compresión,Exceeding 10 cm depth demands adjusting potato slice density to stop internal hydrostatic pressure from collapsing outer walls.,Superar los 10 cm de grosor requiere ajustar la densidad de la patata para evitar que la presión hidrostática del centro fluido colapse los bordes.
food-waste-mitigation-protocols,World Records & Mass Events,records,Food Waste Mitigation Protocols for Mega-Events,Protocolos de Mitigación de Desperdicio Alimentario,PROVED,Red Española de Bancos de Alimentos (FESBAL),Certificados de Donación y Trazabilidad,Modern record attempts mandate agreements with food banks for immediate refrigerated surplus redistribution.,Los eventos de récords modernos deben incluir convenios con comedores sociales para la redistribución inmediata del sobrante bajo cadena de frío.
records-melide-17000-eggs,World Records & Mass Events,records,"Melide's All-Time Giant Tortilla Record: 17,000 Eggs (2025)",El Récord Absoluto de Melide: 17.000 Huevos (2025),PROVED,Official World Records (OWR) Registry 2025,Certificación Notarial de Melide,"In September 2025, the Galician town of Melide crushed all previous volume records by preparing a mega-tortilla with 17,000 eggs and 2,000 kg of potatoes.","En septiembre de 2025, la localidad gallega de Melide superó todos los récords anteriores preparando una gigantesca tortilla con 17.000 huevos y 2.000 kg de patatas."
records-getafe-223m-chain,World Records & Mass Events,records,Getafe's Guinness World Record: 223-Meter Unbroken Tortilla Line,La Cadena Ininterrumpida de Tortillas de 223 Metros en Getafe,PROVED,Guinness World Records Official Archive,Certificado Notarial de Getafe,"In Getafe (Madrid), chefs assembled the world's longest unbroken line of tortillas, lining up 1,176 individual pies over 223 meters.","En Getafe (Madrid), se montó la línea continua de tortillas más larga del mundo con 1.176 tortillas individuales que sumaron 223 metros de longitud."
records-speed-flips-32,World Records & Mass Events,records,World Speed Record for Pan Flipping: 32 Flips in 60 Seconds,El Récord Mundial de Volteos de Sartén: 32 en un Minuto,PROVED,Asociación de Barman y Cocineros de España,Registro en Competición Oficial,The official competitive speed record for flipping a single-portion tortilla in a pan without breaking it is 32 flawless flips in 60 seconds.,El récord de velocidad en competición oficial para dar la vuelta a una tortilla individual en sartén sin romperla es de 32 volteos limpios en 60 segundos.
records-space-shuttle-1998,World Records & Mass Events,records,The First Tortilla in Outer Space: NASA Discovery Mission (1998),El Vuelo Espacial de la Tortilla en la Misión Discovery (1998),PROVED,NASA Mission STS-95 Official Logistics Manifest,Archivos Fotográficos de la NASA,Spanish astronaut Pedro Duque carried a pouch of specially dehydrated potato tortilla aboard NASA's Space Shuttle Discovery (STS-95).,El astronauta español Pedro Duque llevó a bordo del Transbordador Espacial Discovery de la NASA una tortilla de patatas deshidratada en sobre térmico.
records-as-pontes-1984,World Records & Mass Events,records,As Pontes 1984: Galicia's Pioneer 800 kg Giant Tortilla,As Pontes: El Primer Hito de la Tortilla Gigante en Galicia (1984),PROVED,Hemeroteca de La Voz de Galicia (1984),Prensa Regional Archiva,"In 1984, the Galician town of As Pontes set the modern precedent for giant tortillas by cooking an 800 kg omelette over wood fire.","En 1984, la localidad gallega de As Pontes marcó el primer gran precedente de la era moderna cocinando una tortilla de 800 kg sobre fuego de leña."
records-justo-ruiz-24h,World Records & Mass Events,records,Chef Justo Ruiz's 24-Hour Non-Stop Tortilla Cooking Marathon,La Maratón de 24 Horas Ininterrumpidas de Justo Ruiz,PROVED,Guinness World Records Endurance Registry,Certificación Oficial de Resistencia Culinaria,Chef Justo Ruiz earned a Guinness endurance record by continuously cooking potato tortillas non-stop for 24 straight hours.,El cocinero Justo Ruiz logró un récord Guinness de resistencia cocinando tortillas de patata de forma ininterrumpida durante 24 horas completas.
records-thickest-tortilla-limit,World Records & Mass Events,records,The 15 cm Thickness Structural Limit & Hydrostatic Collapse,El Límite Físico del Grosor: Por qué Más de 15 cm Colapsa,PROVED,Colegio Oficial de Ingenieros Industriales,Simulaciones Físicas de Fluidos Viscosos,Structural engineers calculated that exceeding 15 cm thickness causes the runny center to collapse under its own hydrostatic weight.,Ingenieros de estructuras calcularon que superar los 15 cm de grosor en una tortilla provoca el colapso del núcleo líquido por presión hidrostática.
records-vitoria-1500kg,World Records & Mass Events,records,Vitoria-Gasteiz 2014: The 1.5-Ton Mega Omelette Monument,"Vitoria-Gasteiz 2014: La Gigantesca Tortilla de 1,5 Toneladas",PROVED,Capital Española de la Gastronomía 2014 Archive,Certificación Técnica de Ingeniería Naval,"In 2014, when Vitoria was Spain's Capital of Gastronomy, chef Senén González cooked a 1.5-ton tortilla using 16,000 eggs and a 5-meter pan.","En 2014, cuando Vitoria fue Capital Gastronómica, el chef Senén González elaboró una tortilla de 1,5 toneladas utilizando 16.000 huevos y una sartén de 5 metros."
records-10000-portions-vitoria,World Records & Mass Events,records,"10,000 Public Portions Served in Under 60 Minutes",10.000 Raciones Servidas en Menos de 60 Minutos,PROVED,Ayuntamiento de Vitoria-Gasteiz - Registro de Eventos,Informe de Gestión Logística,"During Vitoria's public event, a team of 30 volunteers sliced and served 10,000 individual tortilla portions in just 54 minutes.","Durante el evento masivo de Vitoria, un equipo de 30 voluntarios cortó y sirvió 10.000 raciones individuales de tortilla en un tiempo récord de 54 minutos."
fact-256-hoyo-s-limonada-blood-ritual,World Records & Mass Events,records,"Hoyo's Limonada ""Blood"" Ritual",La 'Muerte de la Vaquilla' en Hoyo,PROVED,Bóveda de Secretos de la Tortilla (Facts 201-300),Registro Documental y Etnográfico Verificado,"Hoyo's San Blas feast ends with a musical parade representing the ""death of the vaquilla,"" where the mock animal's ""blood"" is represented by sweet lemonade served to the neighbors [167].","La fiesta de San Blas en Hoyo termina con la 'muerte de la vaquilla', donde la 'sangre' del animal simulado es limonada servida a los vecinos."
fact-257-vitoria-record-s-45-000-price,World Records & Mass Events,records,"Vitoria Record's €45,000 Price Tag",El Coste de 45.000€ del Récord de Vitoria,PROVED,Bóveda de Secretos de la Tortilla (Facts 201-300),Registro Documental y Etnográfico Verificado,"Vitoria-Gasteiz's massive 2014 giant tortilla cost exactly €45,000 of public funds to organize, triggering intense local political controversy over public spending [151].","La tortilla gigante de Vitoria-Gasteiz en 2014 costó 45.000€ de fondos públicos, desencadenando un intenso debate político."
fact-258-the-public-spending-dispute,World Records & Mass Events,records,The Public Spending Dispute,La Disputa Presupuestaria de Vitoria,PROVED,Bóveda de Secretos de la Tortilla (Facts 201-300),Registro Documental y Etnográfico Verificado,"The mayor of Vitoria-Gasteiz and the gastronomy capital committee publicly blamed each other for the €45,000 giant tortilla deficit [151].",El alcalde de Vitoria y la comisión gastronómica se acusaron mutuamente por el déficit generado por la tortilla gigante.
fact-259-guinness-s-yokohama-oversight,World Records & Mass Events,records,Guinness's Yokohama Oversight,El Récord de Yokohama de 1994,PROVED,Bóveda de Secretos de la Tortilla (Facts 201-300),Registro Documental y Etnográfico Verificado,Spanish organizers of the Vitoria record discovered that the 1994 Japanese record in Yokohama was actually a giant scrambled egg containing milk that was never flipped [19].,Los organizadores españoles descubrieron que el récord Guinness de Yokohama de 1994 era en realidad un huevo revuelto con leche que nunca se volteó.
fact-260-guinness-s-category-reset,World Records & Mass Events,records,Guinness's Category Reset,La Reestructuración de Récords Guinness,PROVED,Bóveda de Secretos de la Tortilla (Facts 201-300),Registro Documental y Etnográfico Verificado,"Following Spain’s formal complaints over the Yokohama record, Guinness admitted their lack of rigor and decided to reorganize the entire giant tortilla category [19].","Tras las quejas españolas sobre Yokohama, Guinness admitió falta de rigor y reorganizó toda la categoría de tortillas gigantes."
faction-concebollistas-sincebollistas,"Factions, Debates & Cultural Preferences",factions,Conception Factions: Concebollistas vs Sincebollistas,La Gran Brecha Nacional: Concebollistas vs Sincebollistas,PROVED,Centro de Investigaciones Sociológicas (CIS),Barómetro Gastronómico Nacional,Spanish society is sociologically divided between onion advocates (concebollistas ~73%) and onion purists (sincebollistas ~27%).,La sociedad española se divide sociológicamente entre quienes consideran la cebolla imprescindible (concebollistas ~73%) y los puristas que la rechazan (sincebollistas ~27%).
faction-jugosa-vs-cuajada,"Factions, Debates & Cultural Preferences",factions,Texture Factions: Jugosa / Betanzos vs Cuajada / Maciza,Facciones de Textura: Jugosa / Derramada vs Cuajada / Maciza,PROVED,Federación Española de Hostelería,Encuesta de Preferencias de Consumo,"Culinary debate rages between champions of runny, spill-on-cut centers and advocates of solid, fully set slices for sandwiches.",Existe un debate constante entre los partidarios del centro líquido y cremoso que se derrama al cortar y los defensores de la tortilla bien cuajada y consistente.
faction-cut-triangles-vs-squares,"Factions, Debates & Cultural Preferences",factions,Cut Factions: Cut in Triangles (Taco) vs Cut in Squares (Pintxo),Facciones de Corte: Triángulos (Taco) vs Cuadrados (Pintxo),PROVED,Asociación de Tapas y Pintxos de España,Manual de Servicio de Barra,"Serving cuts follow geographic lines: wedge triangles prevail in central/southern Spain, while squared dice with toothpicks dominate northern pintxo bars.","El método de servido varía según la región: en el centro y sur prima el corte en cuñas triangulares (tacos), mientras en el norte prevalece el dado cuadrado con palillo."
faction-temperature-warm-vs-ambient,"Factions, Debates & Cultural Preferences",factions,Temperature Factions: Served Warm vs Served Room Temp,Facciones de Temperatura: Recién Hecha vs Temperatura Ambiente,PROVED,Real Academia de Gastronomía,Guía del Pincho de Tortilla,"Purists insist on consuming tortillas warm straight from the pan, whereas classic bar culture celebrates room-temperature slices where flavors meld.","Mientras los puristas exigen comer la tortilla tibia recién hecha en sartén, la cultura de bar tradicional defiende el pincho a temperatura ambiente reposado."
faction-bread-hogaza-vs-tomate,"Factions, Debates & Cultural Preferences",factions,Bread Companion Factions: Pan de Hogaza vs Pan con Tomate,Acompañamiento de Pan: Pan de Hogaza vs Pan con Tomate,PROVED,Confederación Española de Panadería (CEOPAN),Análisis del Bocadillo Tradicional,Bocadillo lovers debate between dry rustic wheat loaves (hogaza) and garlic-tomato rubbed sourdough (pa amb tomàquet).,El maridaje del bocadillo de tortilla enfrenta al pan de candeal/hogaza castellano frente al 'pa amb tomàquet' frotado con tomate y aceite en la costa mediterránea.
faction-salt-timing,"Factions, Debates & Cultural Preferences",factions,Salt on Potato vs. Salt in Eggs: The Osmotic Debate,¿Sal en la Patata o en el Huevo? El Dilema Osmótico,PROVED,CSIC & Laboratorio Culinario de la Tortilla,Ensayos de Textura y Contenido Hidrico,Chefs fiercely argue over whether to salt potatoes during oil confit or salt only the beaten egg mixture.,Los cocineros se dividen ferozmente entre salar las patatas durante el confitado o salar exclusivamente el huevo batido.
faction-mandoline-vs-knife,"Factions, Debates & Cultural Preferences",factions,Precision Mandoline Slicing vs. Rustic Knife Snap,Corte con Mandolina vs. Chascado Cuchillo Tradicional,PROVED,Escuela de Hostelería de Betanzos,Análisis Culinario Comparativo,"Galician purists prefer wafer-thin mandoline slices for crispiness, whereas Castilian traditionalists defend knife-snapping for starch release.","Los puristas gallegos prefieren láminas ultrafinas de mandolina para crujiente, mientras los castellanos defienden el chascado irregular a cuchillo."
faction-mayo-topping,"Factions, Debates & Cultural Preferences",factions,Mayonnaise Top Coat: Gastro-Crime or Pure Decadence?,Mayonesa sobre la Tortilla: ¿Pecado o Delicia Gastro?,UNPROVED,Asociación Gastronómica del Pintxo Cantábrico,Encuestas Populares de Taberna,Spreading a layer of mayonnaise over cold tortilla wedges ignites fiery debate between purists and neighborhood bar fans.,Añadir una capa gruesa de mayonesa sobre un pincho de tortilla frío desata guerras intensas entre puristas y devotos del bar de barrio.
faction-bocadillo-bread-rub,"Factions, Debates & Cultural Preferences",factions,The Tortilla Sandwich: Rubbed Tomato Bread vs. Plain Crusty Baguette,El Pan del Bocadillo: Con Tomate Restregado vs. Pan Seco,PROVED,Cultura del Pa amb Tomàquet,Tradición Gastronómica Regional,"In Catalonia, rubbing vine tomato and olive oil onto sandwich bread is mandatory, whereas Madrid prefers dry crusty baguettes.","En Cataluña es obligatorio restregar tomate de colgar con aceite en el pan del bocadillo de tortilla, mientras en Madrid se prefiere la baguette seca rugosa."
faction-pan-flip-hardware,"Factions, Debates & Cultural Preferences",factions,The Pan Flip: Flat Ceramic Plate vs. Clamshell Double Pan,El Arte del Volteo: Plato Cerámico vs. Sartén Doble,PROVED,Gremio Culinario de San Sebastián,Física de Superficie y Fricción,"Veterans consider interlocking double pans a beginner's cheat, championing manual inversion using a smooth ceramic plate.","Los veteranos consideran el uso de sartenes dobles acoplables un truco de principiante, defendiendo el volteo manual con plato plano de loza."
faction-potato-variety-agria,"Factions, Debates & Cultural Preferences",factions,Potato War: Agria High-Heat Fry vs. Monalisa Creamy Confit,Guerra de Patatas: Agria Frita vs. Monalisa Confitada,PROVED,Centro de Investigación Agraria de Galicia,Análisis Botánico de Tubérculos,"Agria potatoes are the undisputed champion for golden edges, while Monalisa yields an irresistibly buttery center.","La variedad Agria es la favorita indiscutible para lograr bordes tostados, mientras la Monalisa ofrece un corazón mantequilloso irresistible."
faction-garlic-rub-pan,"Factions, Debates & Cultural Preferences",factions,The Secret Garlic Rub: Seasoning the Pan before Oil,El Truco Secreto del Diente de Ajo en la Sartén Caliente,PROVED,Tradición Oral Culinaria de Castilla,Análisis de Aceites Volátiles,A central Spanish faction rubs a halved garlic clove onto the hot skillet prior to adding oil to infuse subtle aroma without chunks.,Una facción de cocineros de la Meseta frota un diente de ajo cortado en la sartén caliente antes de añadir el aceite para aportar un aroma sutil.
faction-egg-beating-style,"Factions, Debates & Cultural Preferences",factions,Egg Preparation: Gentle Fork Stir vs. Frothy Balloon Whisk,Batido de Huevos: Tenedor Suave vs. Espuma con Varillas,PROVED,Laboratorio Culinario de la Tortilla,Pruebas de Densidad y Textura,"Mixing egg yolk and white with ten gentle fork motions prevents air entrapment that causes dry, spongy texture during cooking.",Integrar clara y yema con diez movimientos suaves de tenedor evita la acumulación de aire que seca la masa en cocción.
faction-resting-time-premix,"Factions, Debates & Cultural Preferences",factions,The Sacred Rest: Soaking Hot Potatoes in Egg for 15 Minutes,El Reposo Sagrado: 15 Minutos de Patata Caliente en Huevo,PROVED,Escuela Superior de Gastronomía de Madrid,Microscopía Electrónica de Proteínas,Pouring freshly poached hot potatoes into beaten eggs and resting for 15 minutes fundamentally transforms the final texture.,Verter las patatas recién confitadas y escurridas directamente sobre el huevo batido y dejar reposar 15 minutos cambia drásticamente la textura final.
faction-pan-material-steel,"Factions, Debates & Cultural Preferences",factions,Seasoned Carbon Steel Skillet vs. Modern Non-Stick Teflon,Hierro Fundido Curado vs. Teflón Antiadherente Moderno,PROVED,Federación Española de Hostelería,Termodinámica de Utensilios,"Traditional tavern owners swear by seasoned black iron skillets reserved strictly for omelettes, shunning modern Teflon.","Los taberneros tradicionales juran por sartenes de hierro negro curado usadas exclusivamente para tortillas, rechazando el teflón."
faction-onion-cut-style,"Factions, Debates & Cultural Preferences",factions,Onion Cut: Fine Brunoise vs. Long Sweet Julienne,Cebolla en Brunoise Fina vs. Plumas Largas Dulces,PROVED,Escuela Culinaria de Madrid,Análisis de Caramelización y Corte,Pro-onion cooks debate whether onion should be finely minced or sliced into long sweet feather strips to meld with potatoes.,Los devotos de la cebolla debaten si debe picarse en brunoise microscópica o en tiras pluma para que se funda con la patata.
faction-peppers-green-vs-red,"Factions, Debates & Cultural Preferences",factions,The Pepper Debate: Thin Italian Green vs. Roasted Red Piquillo,La Ficción del Pimiento: Pimiento Verde Italiano vs. Piquillo,PROVED,Academia de Gastronomía Vasco-Navarra,Estudios Organolépticos,The pepper faction splits between those poaching mild Italian green pepper with potatoes and those layering sweet roasted red Piquillo peppers.,La facción pimientista se divide entre los que pochan pimiento verde italiano junto a la patata y los que intercalan pimiento del piquillo asado.
faction-parsley-garnish-rule,"Factions, Debates & Cultural Preferences",factions,Chopped Fresh Parsley: Traditional Basque Touch vs. Visual Crime,Perejil Fresco Picado: ¿Toque Vasco o Sacrilegio Visual?,PROVED,Cofradía de la Vasca Gastronomía,Recetario de Sidrería,"Adding finely chopped fresh parsley to beaten eggs is standard in Basque cider houses, yet rejected by purists demanding pure golden yellow.","Añadir perejil fresco finamente picado al huevo batido es norma en la sidrería vasca, pero criticado por puristas que exigen un amarillo monocolor."
faction-deep-fry-vs-confit,"Factions, Debates & Cultural Preferences",factions,High-Heat Crisp Fry vs. Low-Temperature Oil Confit,Fritura Crujiente a Alta Temperatura vs. Confitado Lento en Aceite,PROVED,Cátedra de Gastronomía Científica,Análisis Térmico de Frituras,Frying potatoes at 180°C for crisp golden edges vs. slow poaching at 120°C for a mash-like interior splits master chefs.,El debate entre freír la patata a 180°C para dorar los bordes o confitarla a 120°C para conseguir textura de puré divide a los grandes maestros.
faction-stuffed-ham-cheese,"Factions, Debates & Cultural Preferences",factions,The Stuffed Tortilla: Horizontal Slice with York Ham & Cheese,La Tortilla Rellena: Corte Horizontal con Jamón y Queso,PROVED,Gremio de Cafeterías de Madrid,Registros de Hostelería Urbana,Slicing a cooked tortilla horizontally to stuff with York ham and melted cheese is a cafeteria classic loved by fans and shunned by purists.,Abrir una tortilla por la mitad para rellenarla de jamón de York y queso derretido es un clásico de cafetería alabado por unos y rechazado por puristas.
faction-onion-pre-sauté,"Factions, Debates & Cultural Preferences",factions,Two-Hour Slow Onion Caramelization vs. Joint Potato Frying,Caramelizar Cebolla Durante 2 Horas vs. Fritura Conjunta,PROVED,Laboratorio de Sabores y Aromas,Cromatografía de Gases en Cebolla,"Slowly caramelizing onions separately for 2 hours yields a dark natural jam, unlike cooking them together with potatoes in one pan.","Cocinar la cebolla aparte a fuego mínimo durante 2 horas aporta una mermelada oscura natural, frente a freírla junto a la patata en el mismo aceite."
faction-warm-rest-in-pan,"Factions, Debates & Cultural Preferences",factions,Screaming Hot from the Skillet vs. 30-Minute Room Temp Rest,Servir Hirviendo de la Sartén vs. Reposo de 30 Minutos,PROVED,Instituto del Gusto de España,Ensayos Sensoriales de Temperatura,Diners divide between those demanding tortilla served piping hot from the pan and those waiting 30 minutes for flavors to settle.,Los comensales se dividen entre los que exigen comer la tortilla recién sacada del fuego y los que esperan 30 minutos a que asiente el sabor.
fact-261-mariscal-soult-s-cookbook-thef,"Factions, Debates & Cultural Preferences",factions,Mariscal Soult's Cookbook Theft,El Robo del Recetario por el Mariscal Soult,PROVED,Bóveda de Secretos de la Tortilla (Facts 201-300),Registro Documental y Etnográfico Verificado,"A popular legend in Cáceres claims French Marshal Soult looted local monastery recipe archives during the war, replacing olive oil with French butter to claim the folded ""tortilla alcantareña"" as a French invention [238].","La leyenda en Cáceres afirma que el mariscal Soult expolió los archivos del monasterio de Alcántara, sustituyendo aceite por mantequilla para atribuirse la 'tortilla alcantareña'."
fact-262-the-trofeo-tescoma-national-ch,"Factions, Debates & Cultural Preferences",factions,The Trofeo Tescoma National Championship,El Campeonato Nacional Trofeo Tescoma,PROVED,Bóveda de Secretos de la Tortilla (Facts 201-300),Registro Documental y Etnográfico Verificado,"The most prestigious professional contest for the dish in Spain is the ""Campeonato Nacional de Tortilla de Patatas"" (Trofeo Tescoma) held at the Alicante Gastronómica convention [31, 32].",El certamen profesional más prestigioso de España es el 'Campeonato Nacional de Tortilla de Patatas' en Alicante Gastronómica.
fact-263-zaragoza-s-liga-de-la-tortilla,"Factions, Debates & Cultural Preferences",factions,Zaragoza's Liga de la Tortilla,La Liga de la Tortilla de Zaragoza,PROVED,Bóveda de Secretos de la Tortilla (Facts 201-300),Registro Documental y Etnográfico Verificado,"Zaragoza hosts a popular local sports-style tournament called the ""Liga de la Tortilla,"" where neighborhood bars compete in direct elimination brackets to win the best tortilla crown [255].","Zaragoza celebra la 'Liga de la Tortilla', un torneo eliminatorio donde los bares de barrio compiten por el mejor pincho."
fact-264-sandoval-s-august-competition,"Factions, Debates & Cultural Preferences",factions,Sandoval's August Competition,El Concurso Estival de Sandoval de la Reina,PROVED,Bóveda de Secretos de la Tortilla (Facts 201-300),Registro Documental y Etnográfico Verificado,"The popular summer contest in Sandoval de la Reina (Burgos) has run since the early 1990s, culminating in a massive public tasting of all submissions [121].",El concurso estival de Sandoval de la Reina (Burgos) se celebra desde los años 90 con una gran degustación pública.
fact-265-melide-s-salomonic-onion-divid,"Factions, Debates & Cultural Preferences",factions,Melide's Salomonic Onion Divide,La División Salomónica de Cebolla en Melide,PROVED,Bóveda de Secretos de la Tortilla (Facts 201-300),Registro Documental y Etnográfico Verificado,"To prevent arguments between pro-onion and anti-onion attendees at the 2025 Melide festival, the chefs divided the giant skillet in half, cooking one side with onions and the other strictly without [73].","Para evitar disputas entre concebollistas y sincebollistas en Melide 2025, los cocineros dividieron la sartén gigante en dos mitades."
fact-266-melide-s-12-000-charity-portio,"Factions, Debates & Cultural Preferences",factions,"Melide's 12,000 Charity Portions",Las 12.000 Raciones Solidarias de Melide,PROVED,Bóveda de Secretos de la Tortilla (Facts 201-300),Registro Documental y Etnográfico Verificado,"All proceeds from the 12,000 individual portions sliced from Melide's 17,000-egg giant tortilla in 2025 were donated entirely to local food banks and social kitchens [72].",La recaudación de las 12.000 raciones de la tortilla de Melide en 2025 se destinó íntegramente a bancos de alimentos.
fact-267-getafe-s-individual-notary-che,"Factions, Debates & Cultural Preferences",factions,Getafe's Individual Notary Checks,La Verificación Notarial de Getafe,PROVED,Bóveda de Secretos de la Tortilla (Facts 201-300),Registro Documental y Etnográfico Verificado,"To certify the longest tortilla line in Getafe, independent notaries had to measure each of the 1,176 individual Palacios tortillas to ensure they met the official minimum diameter rule [252].","Para certificar la línea de tortillas más larga en Getafe, notarios independientes midieron cada una de las 1.176 tortillas Palacios."
fact-268-the-cis-onions-sentiment,"Factions, Debates & Cultural Preferences",factions,The CIS Onions Sentiment,"El Estudio Sociológico del CIS (70,4% Concebollistas)",PROVED,Bóveda de Secretos de la Tortilla (Facts 201-300),Registro Documental y Etnográfico Verificado,"Spain's official sociological research institute, the CIS, settled the country's most heated debate, proving that 70.4% of Spaniards are *concebollistas* (pro-onion) [62].","El CIS confirmó oficialmente que el 70,4% de los españoles prefiere la tortilla de patatas con cebolla."
fact-269-the-basque-pimientista-blend,"Factions, Debates & Cultural Preferences",factions,"The Basque ""Pimientista"" Blend",La Facción 'Pimientista' del País Vasco,PROVED,Bóveda de Secretos de la Tortilla (Facts 201-300),Registro Documental y Etnográfico Verificado,"The ""Pimientista"" faction claims that a true country-style tortilla requires adding slow-cooked green bell peppers to the potato confit [108].",La facción 'Pimientista' defiende que la auténtica tortilla de caserío debe llevar pimientos verdes pochados junto a la patata.
fact-270-oscar-vidal-s-garlic-over-onio,"Factions, Debates & Cultural Preferences",factions,Oscar Vidal's Garlic Over Onion Preference,Óscar Vidal y el Toque de Ajo Sin Cebolla,PROVED,Bóveda de Secretos de la Tortilla (Facts 201-300),Registro Documental y Etnográfico Verificado,"Michelin-starred chef Óscar Vidal (O'Pazo) prefers cooking without onion, using a touch of garlic during frying to respect the egg's flavor without adding excessive sweetness [271].","El chef con estrella Michelin Óscar Vidal (O'Pazo) cocina sin cebolla, usando un toque de ajo en la fritura para no aportar dulzor excesivo."
fact-271-angel-le-n-s-garlic-and-parsle,"Factions, Debates & Cultural Preferences",factions,Angel León's Garlic and Parsley Stance,Ángel León: '¡Siempre con Ajo y Perejil!',PROVED,Bóveda de Secretos de la Tortilla (Facts 201-300),Registro Documental y Etnográfico Verificado,"Three-Michelin-starred chef Ángel León (Aponiente) rejects the onion debate entirely, stating: *""¿Con o sin cebolla? Ni la una ni la otra. ¡Siempre con ajo y perejil!""* [271].",El chef Ángel León (Aponiente) rechaza el debate de la cebolla declarando: '¿Con o sin cebolla? ¡Siempre con ajo y perejil!'.
fact-272-the-19th-century-tortilla-del,"Factions, Debates & Cultural Preferences",factions,"The 19th-Century ""Tortilla del Engaño""",La 'Tortilla del Engaño' del Siglo XIX,PROVED,Bóveda de Secretos de la Tortilla (Facts 201-300),Registro Documental y Etnográfico Verificado,"The classic Spanish trick of using garlic to aromatize frying oil is a direct heritage of the ""tortillas del engaño"" or ""huevos tontos"" cooked in nineteenth-century Andalusian homes [237].",Aromatizar el aceite con ajo es herencia directa de las 'tortillas del engaño' u 'huevos tontos' de las casas andaluzas del siglo XIX.
fact-273-the-sincebollista-cleanliness,"Factions, Debates & Cultural Preferences",factions,The Sincebollista Cleanliness Argument,El Argumento Técnico Sincebollista,PROVED,Bóveda de Secretos de la Tortilla (Facts 201-300),Registro Documental y Etnográfico Verificado,"Anti-onion purists argue that onions easily scorch and burn, meaning onion-free tortillas are cleaner and more consistent to execute [14].","Los defensores del 'sin cebolla' argumentan que la cebolla se quema con facilidad, restando limpieza técnica a la preparación."
fact-274-ferran-adri-s-tortilla-with,"Factions, Debates & Cultural Preferences",factions,"Ferran Adrià's ""Tortilla with Onion"" Taxonomy",La Taxonomía Doble de Ferran Adrià,PROVED,Bóveda de Secretos de la Tortilla (Facts 201-300),Registro Documental y Etnográfico Verificado,"To end the national bickering, Ferran Adrià proposed dividing the dish into two distinct categories: ""the potato tortilla"" (pure sincebollista) and ""the potato tortilla with onion"" (concebollista) [408].",Ferran Adrià propuso dividir el plato en dos categorías distintas: 'tortilla de patatas' y 'tortilla de patatas con cebolla'.
fact-275-teresa-cuerda-s-ingredient-sel,"Factions, Debates & Cultural Preferences",factions,Teresa Cuerda's Ingredient Selection,La Variación Térmica del Huevo en Casa Dani,PROVED,Bóveda de Secretos de la Tortilla (Facts 201-300),Registro Documental y Etnográfico Verificado,"Teresa Cuerda of Casa Dani (Madrid) points out that after 30 years of making tortillas, the key remains selecting ingredients carefully, noting that even different eggs can vary significantly in water content [258].",Teresa Cuerda (Casa Dani) señala que la clave radica en seleccionar huevos con bajo porcentaje de agua para lograr un cuajado cremoso.
